[provenance] Saved provenance.tar.gz  (parsexml.py, run_config_verify_ld_taken.jsonc)
[gem5:sweep] 1270 tests × variable grid (max 9 points) → 2682 variant runs  (points=[0, 500, 2500], unresolved_stall=5000)
  grid 0 (check_ld.py): inst-000073_v2 … inst-000073_v2  (1 tests)
  grid 0 (check_ld.py): inst-000114_v3 … inst-000114_v3  (1 tests)
  grid 0 (check_ld.py): inst-000214_v0 … inst-000214_v0  (1 tests)
  grid 0 (check_ld.py): inst-000306_v0 … inst-000306_v0  (1 tests)
  grid 0 (check_ld.py): inst-000322_v1 … inst-000322_v1  (1 tests)
  grid 0 (check_ld.py): inst-000392 … inst-000392  (1 tests)
  grid 0 (check_ld.py): inst-000463_v0 … inst-000463_v0  (1 tests)
  grid 0 (check_ld.py): inst-000486_v0 … inst-000486_v0  (1 tests)
  grid 0 (check_ld.py): inst-000593_v1 … inst-000593_v1  (1 tests)
  grid 0 (check_ld.py): inst-000596_v3 … inst-000596_v3  (1 tests)
  grid 0 (check_ld.py): inst-000633_v0 … inst-000633_v0  (1 tests)
  grid 0 (check_ld.py): inst-000847_v0 … inst-000847_v0  (1 tests)
  grid 0 (check_ld.py): inst-000895_v2 … inst-000895_v2  (1 tests)
  grid 0 (check_ld.py): inst-000954_v0 … inst-000954_v0  (1 tests)
  grid 0 (check_ld.py): inst-000964_v1 … inst-000964_v1  (1 tests)
  grid 0 (check_ld.py): inst-000996_v3 … inst-000996_v3  (1 tests)
  grid 0 (check_ld.py): inst-001051_v2 … inst-001051_v2  (1 tests)
  grid 0 (check_ld.py): inst-001070_v1 … inst-001070_v1  (1 tests)
  grid 0 (check_ld.py): inst-001263_v1 … inst-001263_v1  (1 tests)
  grid 0 (check_ld.py): inst-001310_v2 … inst-001310_v2  (1 tests)
  grid 0 (check_ld.py): inst-001311_v0 … inst-001311_v0  (1 tests)
  grid 0 (check_ld.py): inst-001319_v3 … inst-001319_v3  (1 tests)
  grid 0 (check_ld.py): inst-001328_v1 … inst-001328_v1  (1 tests)
  grid 0 (check_ld.py): inst-001365_v3 … inst-001365_v3  (1 tests)
  grid 0 (check_ld.py): inst-001375_v1 … inst-001375_v1  (1 tests)
  grid 0 (check_ld.py): inst-001381_v2 … inst-001381_v2  (1 tests)
  grid 0 (check_ld.py): inst-001471_v2 … inst-001471_v2  (1 tests)
  grid 0 (check_ld.py): inst-001613_v0 … inst-001613_v0  (1 tests)
  grid 0 (check_ld.py): inst-001791 … inst-001791  (1 tests)
  grid 0 (check_ld.py): inst-001804_v2 … inst-001804_v2  (1 tests)
  grid 0 (check_ld.py): inst-001805_v0 … inst-001805_v0  (1 tests)
  grid 0 (check_ld.py): inst-001919_v2 … inst-001919_v2  (1 tests)
  grid 0 (check_ld.py): inst-002020_v2 … inst-002020_v2  (1 tests)
  grid 0 (check_ld.py): inst-002046_v1 … inst-002046_v1  (1 tests)
  grid 0 (check_ld.py): inst-002082 … inst-002082  (1 tests)
  grid 0 (check_ld.py): inst-002321_v2 … inst-002321_v2  (1 tests)
  grid 0 (check_ld.py): inst-002373_v2 … inst-002373_v2  (1 tests)
  grid 0 (check_ld.py): inst-002759_v2 … inst-002759_v2  (1 tests)
  grid 0 (check_ld.py): inst-002761_v0 … inst-002761_v0  (1 tests)
  grid 0 (check_ld.py): inst-002801_v2 … inst-002801_v2  (1 tests)
  grid 0 (check_ld.py): inst-002867_v0 … inst-002867_v0  (1 tests)
  grid 0 (check_ld.py): inst-002881_v0 … inst-002881_v0  (1 tests)
  grid 0 (check_ld.py): inst-002910_v3 … inst-002910_v3  (1 tests)
  grid 0 (check_ld.py): inst-002966_v3 … inst-002966_v3  (1 tests)
  grid 0 (check_ld.py): inst-002981_v2 … inst-002981_v2  (1 tests)
  grid 0 (check_ld.py): inst-002998_v3 … inst-002998_v3  (1 tests)
  grid 0 (check_ld.py): inst-003051_v3 … inst-003051_v3  (1 tests)
  grid 0 (check_ld.py): inst-003236_v2 … inst-003236_v2  (1 tests)
  grid 0 (check_ld.py): inst-003287_v1 … inst-003287_v1  (1 tests)
  grid 0 (check_ld.py): inst-003335_v2 … inst-003335_v2  (1 tests)
  grid 0 (check_ld.py): inst-003340_v3 … inst-003340_v3  (1 tests)
  grid 0 (check_ld.py): inst-003576_v3 … inst-003576_v3  (1 tests)
  grid 0 (check_ld.py): inst-003616_v2 … inst-003616_v2  (1 tests)
  grid 0 (check_ld.py): inst-003890 … inst-003890  (1 tests)
  grid 0 (check_ld.py): inst-003895_v1 … inst-003895_v1  (1 tests)
  grid 0 (check_ld.py): inst-003896_v2 … inst-003896_v2  (1 tests)
  grid 0 (check_ld.py): inst-003907_v1 … inst-003907_v1  (1 tests)
  grid 0 (check_ld.py): inst-003918_v3 … inst-003918_v3  (1 tests)
  grid 0 (check_ld.py): inst-003963 … inst-003963  (1 tests)
  grid 0 (check_ld.py): inst-003969_v1 … inst-003969_v1  (1 tests)
  grid 0 (check_ld.py): inst-003973 … inst-003973  (1 tests)
  grid 0 (check_ld.py): inst-003975 … inst-003975  (1 tests)
  grid 0 (check_ld.py): inst-003976 … inst-003976  (1 tests)
  grid 0 (check_ld.py): inst-004087_v2 … inst-004087_v2  (1 tests)
  grid 0 (check_ld.py): inst-004182_v0 … inst-004182_v0  (1 tests)
  grid 0 (check_ld.py): inst-004259_v3 … inst-004259_v3  (1 tests)
  grid 0 (check_ld.py): inst-004366_v1 … inst-004366_v1  (1 tests)
  grid 0 (check_ld.py): inst-004418_v0 … inst-004418_v0  (1 tests)
  grid 0 (check_ld.py): inst-004418_v3 … inst-004418_v3  (1 tests)
  grid 0 (check_ld.py): inst-004552_v2 … inst-004552_v2  (1 tests)
  grid 0 (check_ld.py): inst-004556_v1 … inst-004556_v1  (1 tests)
  grid 0 (check_ld.py): inst-004617_v2 … inst-004617_v2  (1 tests)
  grid 0 (check_ld.py): inst-004668_v1 … inst-004668_v1  (1 tests)
  grid 0 (check_ld.py): inst-004747_v3 … inst-004747_v3  (1 tests)
  grid 0 (check_ld.py): inst-004795_v0 … inst-004795_v0  (1 tests)
  grid 0 (check_ld.py): inst-004858_v1 … inst-004858_v1  (1 tests)
  grid 0 (check_ld.py): inst-004863_v2 … inst-004863_v2  (1 tests)
  grid 0 (check_ld.py): inst-005194_v1 … inst-005194_v1  (1 tests)
  grid 0 (check_ld.py): inst-005258_v3 … inst-005258_v3  (1 tests)
  grid 0 (check_ld.py): inst-005274 … inst-005274  (1 tests)
  grid 0 (check_ld.py): inst-005276 … inst-005276  (1 tests)
  grid 0 (check_ld.py): inst-005277 … inst-005277  (1 tests)
  grid 0 (check_ld.py): inst-005283 … inst-005283  (1 tests)
  grid 0 (check_ld.py): inst-005286_v0 … inst-005286_v0  (1 tests)
  grid 0 (check_ld.py): inst-005292_v2 … inst-005292_v2  (1 tests)
  grid 0 (check_ld.py): inst-005337_v1 … inst-005337_v1  (1 tests)
  grid 0 (check_ld.py): inst-005338_v2 … inst-005338_v2  (1 tests)
  grid 0 (check_ld.py): inst-005340_v1 … inst-005340_v1  (1 tests)
  grid 0 (check_ld.py): inst-005350 … inst-005350  (1 tests)
  grid 0 (check_ld.py): inst-005352 … inst-005352  (1 tests)
  grid 0 (check_ld.py): inst-005402_v0 … inst-005402_v0  (1 tests)
  grid 0 (check_ld.py): inst-005408_v0 … inst-005408_v0  (1 tests)
  grid 0 (check_ld.py): inst-005411_v2 … inst-005411_v2  (1 tests)
  grid 0 (check_ld.py): inst-005463_v2 … inst-005463_v2  (1 tests)
  grid 0 (check_ld.py): inst-005530_v2 … inst-005530_v2  (1 tests)
  grid 0 (check_ld.py): inst-005584_v3 … inst-005584_v3  (1 tests)
  grid 0 (check_ld.py): inst-006072_v2 … inst-006072_v2  (1 tests)
  grid 0 (check_ld.py): inst-006180_v0 … inst-006180_v0  (1 tests)
  grid 0 (check_ld.py): inst-006333_v3 … inst-006333_v3  (1 tests)
  grid 0 (check_ld.py): inst-006340_v1 … inst-006340_v1  (1 tests)
  grid 0 (check_ld.py): inst-006350_v2 … inst-006350_v2  (1 tests)
  grid 0 (check_ld.py): inst-007372_v3 … inst-007372_v3  (1 tests)
  grid 0 (check_ld.py): inst-007374_v0 … inst-007374_v0  (1 tests)
  grid 0 (check_ld.py): inst-007392_v3 … inst-007392_v3  (1 tests)
  grid 0 (check_ld.py): inst-007395_v3 … inst-007395_v3  (1 tests)
  grid 0 (check_ld.py): inst-007427_v3 … inst-007427_v3  (1 tests)
  grid 0 (check_ld.py): inst-007618_v1 … inst-007618_v1  (1 tests)
  grid 0 (check_ld.py): inst-007627_v0 … inst-007627_v0  (1 tests)
  grid 0 (check_ld.py): inst-007724_v0 … inst-007724_v0  (1 tests)
  grid 0 (check_ld.py): inst-007848_v1 … inst-007848_v1  (1 tests)
  grid 0 (check_ld.py): inst-007851_v2 … inst-007851_v2  (1 tests)
  grid 0 (check_ld.py): inst-007867_v1 … inst-007867_v1  (1 tests)
  grid 0 (check_ld.py): inst-007900_v1 … inst-007900_v1  (1 tests)
  grid 0 (check_ld.py): inst-007925_v2 … inst-007925_v2  (1 tests)
  grid 0 (check_ld.py): inst-008017_v0 … inst-008017_v0  (1 tests)
  grid 0 (check_ld.py): inst-008026_v1 … inst-008026_v1  (1 tests)
  grid 0 (check_ld.py): inst-008086_v2 … inst-008086_v2  (1 tests)
  grid 0 (check_ld.py): inst-008169_v2 … inst-008169_v2  (1 tests)
  grid 0 (check_ld.py): inst-008174_v3 … inst-008174_v3  (1 tests)
  grid 0 (check_ld.py): inst-008286_v3 … inst-008286_v3  (1 tests)
  grid 0 (check_ld.py): inst-008320_v2 … inst-008320_v2  (1 tests)
  grid 0 (check_ld.py): inst-008353_v0 … inst-008353_v0  (1 tests)
  grid 0 (check_ld.py): inst-008380_v0 … inst-008380_v0  (1 tests)
  grid 0 (check_ld.py): inst-008404_v1 … inst-008404_v1  (1 tests)
  grid 0 (check_ld.py): inst-008507_v1 … inst-008507_v1  (1 tests)
  grid 0 (check_ld.py): inst-008582_v1 … inst-008582_v1  (1 tests)
  grid 0 (check_ld.py): inst-008652_v0 … inst-008652_v0  (1 tests)
  grid 0 (check_ld.py): inst-008653_v1 … inst-008653_v1  (1 tests)
  grid 0 (check_ld.py): inst-008674_v3 … inst-008674_v3  (1 tests)
  grid 0 (check_ld.py): inst-008709_v1 … inst-008709_v1  (1 tests)
  grid 0 (check_ld.py): inst-008738_v3 … inst-008738_v3  (1 tests)
  grid 0 (check_ld.py): inst-008754_v3 … inst-008754_v3  (1 tests)
  grid 0 (check_ld.py): inst-008765_v1 … inst-008765_v1  (1 tests)
  grid 0 (check_ld.py): inst-008773_v1 … inst-008773_v1  (1 tests)
  grid 0 (check_ld.py): inst-008798_v0 … inst-008798_v0  (1 tests)
  grid 0 (check_ld.py): inst-008802_v1 … inst-008802_v1  (1 tests)
  grid 0 (check_ld.py): inst-008811_v2 … inst-008811_v2  (1 tests)
  grid 0 (check_ld.py): inst-008817_v2 … inst-008817_v2  (1 tests)
  grid 0 (check_ld.py): inst-008888_v3 … inst-008888_v3  (1 tests)
  grid 0 (check_ld.py): inst-008994_v2 … inst-008994_v2  (1 tests)
  grid 0 (check_ld.py): inst-009007_v1 … inst-009007_v1  (1 tests)
  grid 0 (check_ld.py): inst-009037_v3 … inst-009037_v3  (1 tests)
  grid 0 (check_ld.py): inst-009043_v2 … inst-009043_v2  (1 tests)
  grid 0 (check_ld.py): inst-009097_v0 … inst-009097_v0  (1 tests)
  grid 0 (check_ld.py): inst-009132_v0 … inst-009132_v0  (1 tests)
  grid 0 (check_ld.py): inst-009250_v2 … inst-009250_v2  (1 tests)
  grid 0 (check_ld.py): inst-009257_v0 … inst-009257_v0  (1 tests)
  grid 0 (check_ld.py): inst-009296_v3 … inst-009296_v3  (1 tests)
  grid 0 (check_ld.py): inst-009363_v0 … inst-009363_v0  (1 tests)
  grid 0 (check_ld.py): inst-009427_v1 … inst-009427_v1  (1 tests)
  grid 0 (check_ld.py): inst-009434_v1 … inst-009434_v1  (1 tests)
  grid 0 (check_ld.py): inst-009474_v2 … inst-009474_v2  (1 tests)
  grid 0 (check_ld.py): inst-009475_v0 … inst-009475_v0  (1 tests)
  grid 0 (check_ld.py): inst-009475_v1 … inst-009475_v1  (1 tests)
  grid 0 (check_ld.py): inst-009544_v0 … inst-009544_v0  (1 tests)
  grid 0 (check_ld.py): inst-009552_v3 … inst-009552_v3  (1 tests)
  grid 0 (check_ld.py): inst-009664_v1 … inst-009664_v1  (1 tests)
  grid 0 (check_ld.py): inst-009769_v1 … inst-009769_v1  (1 tests)
  grid 0 (check_ld.py): inst-009795_v3 … inst-009795_v3  (1 tests)
  grid 0 (check_ld.py): inst-009817_v0 … inst-009817_v0  (1 tests)
  grid 0 (check_ld.py): inst-009820_v0 … inst-009820_v0  (1 tests)
  grid 0 (check_ld.py): inst-009827_v1 … inst-009827_v1  (1 tests)
  grid 0 (check_ld.py): inst-009831_v0 … inst-009831_v0  (1 tests)
  grid 0 (check_ld.py): inst-009838_v2 … inst-009838_v2  (1 tests)
  grid 0 (check_ld.py): inst-009840_v1 … inst-009840_v1  (1 tests)
  grid 0 (check_ld.py): inst-009843_v0 … inst-009843_v0  (1 tests)
  grid 0 (check_ld.py): inst-009848_v1 … inst-009848_v1  (1 tests)
  grid 0 (check_ld.py): inst-009882_v1 … inst-009882_v1  (1 tests)
  grid 0 (check_ld.py): inst-009969_v0 … inst-009969_v0  (1 tests)
  grid 0 (check_ld.py): inst-010004_v1 … inst-010004_v1  (1 tests)
  grid 0 (check_ld.py): inst-010004_v2 … inst-010004_v2  (1 tests)
  grid 0 (check_ld.py): inst-010035_v2 … inst-010035_v2  (1 tests)
  grid 0 (check_ld.py): inst-010037_v0 … inst-010037_v0  (1 tests)
  grid 0 (check_ld.py): inst-010089_v2 … inst-010089_v2  (1 tests)
  grid 0 (check_ld.py): inst-010130_v2 … inst-010130_v2  (1 tests)
  grid 0 (check_ld.py): inst-010136_v0 … inst-010136_v0  (1 tests)
  grid 0 (check_ld.py): inst-010159_v0 … inst-010159_v0  (1 tests)
  grid 0 (check_ld.py): inst-010181_v2 … inst-010181_v2  (1 tests)
  grid 0 (check_ld.py): inst-010268_v2 … inst-010268_v2  (1 tests)
  grid 0 (check_ld.py): inst-010274_v3 … inst-010274_v3  (1 tests)
  grid 0 (check_ld.py): inst-010321_v0 … inst-010321_v0  (1 tests)
  grid 0 (check_ld.py): inst-010426_v1 … inst-010426_v1  (1 tests)
  grid 0 (check_ld.py): inst-010450_v2 … inst-010450_v2  (1 tests)
  grid 0 (check_ld.py): inst-010475_v2 … inst-010475_v2  (1 tests)
  grid 0 (check_ld.py): inst-010625_v3 … inst-010625_v3  (1 tests)
  grid 0 (check_ld.py): inst-010777_v3 … inst-010777_v3  (1 tests)
  grid 0 (check_ld.py): inst-010818_v0 … inst-010818_v0  (1 tests)
  grid 0 (check_ld.py): inst-010869_v0 … inst-010869_v0  (1 tests)
  grid 0 (check_ld.py): inst-010906_v1 … inst-010906_v1  (1 tests)
  grid 0 (check_ld.py): inst-010949_v3 … inst-010949_v3  (1 tests)
  grid 0 (check_ld.py): inst-010998_v1 … inst-010998_v1  (1 tests)
  grid 0 (check_ld.py): inst-011098_v3 … inst-011098_v3  (1 tests)
  grid 0 (check_ld.py): inst-011106_v1 … inst-011106_v1  (1 tests)
  grid 0 (check_ld.py): inst-011111_v2 … inst-011111_v2  (1 tests)
  grid 0 (check_ld.py): inst-011113_v0 … inst-011113_v0  (1 tests)
  grid 0 (check_ld.py): inst-011151_v0 … inst-011151_v0  (1 tests)
  grid 0 (check_ld.py): inst-011158_v1 … inst-011158_v1  (1 tests)
  grid 0 (check_ld.py): inst-011235_v1 … inst-011235_v1  (1 tests)
  grid 0 (check_ld.py): inst-011278_v2 … inst-011278_v2  (1 tests)
  grid 0 (check_ld.py): inst-011402_v3 … inst-011402_v3  (1 tests)
  grid 0 (check_ld.py): inst-011597_v2 … inst-011597_v2  (1 tests)
  grid 0 (check_ld.py): inst-011599_v1 … inst-011599_v1  (1 tests)
  grid 0 (check_ld.py): inst-011823_v1 … inst-011823_v1  (1 tests)
  grid 0 (check_ld.py): inst-011947_v0 … inst-011947_v0  (1 tests)
  grid 0 (check_ld.py): inst-011982_v0 … inst-011982_v0  (1 tests)
  grid 0 (check_ld.py): inst-011982_v2 … inst-011982_v2  (1 tests)
  grid 0 (check_ld.py): inst-011997_v3 … inst-011997_v3  (1 tests)
  grid 0 (check_ld.py): inst-012068_v3 … inst-012068_v3  (1 tests)
  grid 0 (check_ld.py): inst-012069_v0 … inst-012069_v0  (1 tests)
  grid 0 (check_ld.py): inst-012164_v0 … inst-012164_v0  (1 tests)
  grid 0 (check_ld.py): inst-012247_v1 … inst-012247_v1  (1 tests)
  grid 0 (check_ld.py): inst-012256_v3 … inst-012256_v3  (1 tests)
  grid 0 (check_ld.py): inst-012307_v0 … inst-012307_v0  (1 tests)
  grid 0 (check_ld.py): inst-012365_v1 … inst-012365_v1  (1 tests)
  grid 0 (check_ld.py): inst-012377_v3 … inst-012377_v3  (1 tests)
  grid 0 (check_ld.py): inst-012402_v1 … inst-012402_v1  (1 tests)
  grid 0 (check_ld.py): inst-012434_v1 … inst-012434_v1  (1 tests)
  grid 0 (check_ld.py): inst-012483_v2 … inst-012483_v2  (1 tests)
  grid 0 (check_ld.py): inst-012578_v0 … inst-012578_v0  (1 tests)
  grid 0 (check_ld.py): inst-012582_v3 … inst-012582_v3  (1 tests)
  grid 0 (check_ld.py): inst-012640_v2 … inst-012640_v2  (1 tests)
  grid 0 (check_ld.py): inst-012668_v2 … inst-012668_v2  (1 tests)
  grid 0 (check_ld.py): inst-012672_v0 … inst-012672_v0  (1 tests)
  grid 0 (check_ld.py): inst-012700 … inst-012700  (1 tests)
  grid 0 (check_ld.py): inst-012703_v2 … inst-012703_v2  (1 tests)
  grid 0 (check_ld.py): inst-012708_v1 … inst-012708_v1  (1 tests)
  grid 0 (check_ld.py): inst-012788_v2 … inst-012788_v2  (1 tests)
  grid 0 (check_ld.py): inst-012959_v3 … inst-012959_v3  (1 tests)
  grid 0 (check_ld.py): inst-012999_v0 … inst-012999_v0  (1 tests)
  grid 0 (check_ld.py): inst-013002_v2 … inst-013002_v2  (1 tests)
  grid 0 (check_ld.py): inst-013081_v2 … inst-013081_v2  (1 tests)
  grid 0 (check_ld.py): inst-013083_v3 … inst-013083_v3  (1 tests)
  grid 0 (check_ld.py): inst-013097_v1 … inst-013097_v1  (1 tests)
  grid 0 (check_ld.py): inst-013119_v2 … inst-013119_v2  (1 tests)
  grid 0 (check_ld.py): inst-013146_v1 … inst-013146_v1  (1 tests)
  grid 0 (check_ld.py): inst-013190_v2 … inst-013190_v2  (1 tests)
  grid 0 (check_ld.py): inst-013210_v0 … inst-013210_v0  (1 tests)
  grid 0 (check_ld.py): inst-013219_v1 … inst-013219_v1  (1 tests)
  grid 0 (check_ld.py): inst-013271_v1 … inst-013271_v1  (1 tests)
  grid 0 (check_ld.py): inst-013306_v3 … inst-013306_v3  (1 tests)
  grid 0 (check_ld.py): inst-013323_v0 … inst-013323_v0  (1 tests)
  grid 0 (check_ld.py): inst-013430 … inst-013430  (1 tests)
  grid 0 (check_ld.py): inst-013446_v1 … inst-013446_v1  (1 tests)
  grid 0 (check_ld.py): inst-013482_v2 … inst-013482_v2  (1 tests)
  grid 0 (check_ld.py): inst-013489 … inst-013489  (1 tests)
  grid 0 (check_ld.py): inst-013510_v0 … inst-013510_v0  (1 tests)
  grid 0 (check_ld.py): inst-013900_v1 … inst-013900_v1  (1 tests)
  grid 0 (check_ld.py): inst-013912_v1 … inst-013912_v1  (1 tests)
  grid 0 (check_ld.py): inst-013984_v2 … inst-013984_v2  (1 tests)
  grid 0 (check_ld.py): inst-014108_v3 … inst-014108_v3  (1 tests)
  grid 0 (check_ld.py): inst-014210_v2 … inst-014210_v2  (1 tests)
  grid 0 (check_ld.py): inst-014228_v2 … inst-014228_v2  (1 tests)
  grid 0 (check_ld.py): inst-014229_v3 … inst-014229_v3  (1 tests)
  grid 0 (check_ld.py): inst-014233_v1 … inst-014233_v1  (1 tests)
  grid 0 (check_ld.py): inst-014260_v3 … inst-014260_v3  (1 tests)
  grid 0 (check_ld.py): inst-014261_v2 … inst-014261_v2  (1 tests)
  grid 0 (check_ld.py): inst-014287_v2 … inst-014287_v2  (1 tests)
  grid 0 (check_ld.py): inst-014293_v1 … inst-014293_v1  (1 tests)
  grid 0 (check_ld.py): inst-014309_v1 … inst-014309_v1  (1 tests)
  grid 0 (check_ld.py): inst-014341_v2 … inst-014341_v2  (1 tests)
  grid 0 (check_ld.py): inst-014353_v3 … inst-014353_v3  (1 tests)
  grid 0 (check_ld.py): inst-014380_v1 … inst-014380_v1  (1 tests)
  grid 0 (check_ld.py): inst-014400_v2 … inst-014400_v2  (1 tests)
  grid 0 (check_ld.py): inst-014405_v2 … inst-014405_v2  (1 tests)
  grid 0 (check_ld.py): inst-014464_v3 … inst-014464_v3  (1 tests)
  grid 0 (check_ld.py): inst-014494_v0 … inst-014494_v0  (1 tests)
  grid 0 (check_ld.py): inst-014520_v3 … inst-014520_v3  (1 tests)
  grid 0 (check_ld.py): inst-014609_v0 … inst-014609_v0  (1 tests)
  grid 0 (check_ld.py): inst-014619_v3 … inst-014619_v3  (1 tests)
  grid 0 (check_ld.py): inst-014675_v1 … inst-014675_v1  (1 tests)
  grid 0 (check_ld.py): inst-014686_v2 … inst-014686_v2  (1 tests)
  grid 0 (check_ld.py): inst-014738_v0 … inst-014738_v0  (1 tests)
  grid 0 (check_ld.py): inst-014738_v3 … inst-014738_v3  (1 tests)
  grid 0 (check_ld.py): inst-014879_v2 … inst-014879_v2  (1 tests)
  grid 0 (check_ld.py): inst-015007_v2 … inst-015007_v2  (1 tests)
  grid 0 (check_ld.py): inst-015009_v1 … inst-015009_v1  (1 tests)
  grid 0 (check_ld.py): inst-015034_v1 … inst-015034_v1  (1 tests)
  grid 0 (check_ld.py): inst-015036_v0 … inst-015036_v0  (1 tests)
  grid 0 (check_ld.py): inst-015050_v2 … inst-015050_v2  (1 tests)
  grid 0 (check_ld.py): inst-015057_v1 … inst-015057_v1  (1 tests)
  grid 0 (check_ld.py): inst-015068_v1 … inst-015068_v1  (1 tests)
  grid 0 (check_ld.py): inst-015098_v0 … inst-015098_v0  (1 tests)
  grid 0 (check_ld.py): inst-015118_v2 … inst-015118_v2  (1 tests)
  grid 0 (check_ld.py): inst-015119_v2 … inst-015119_v2  (1 tests)
  grid 0 (check_ld.py): inst-015175_v1 … inst-015175_v1  (1 tests)
  grid 0 (check_ld.py): inst-015177_v2 … inst-015177_v2  (1 tests)
  grid 0 (check_ld.py): inst-015274_v0 … inst-015274_v0  (1 tests)
  grid 0 (check_ld.py): inst-015280_v2 … inst-015280_v2  (1 tests)
  grid 0 (check_ld.py): inst-015285_v3 … inst-015285_v3  (1 tests)
  grid 0 (check_ld.py): inst-015365_v0 … inst-015365_v0  (1 tests)
  grid 0 (check_ld.py): inst-015426_v1 … inst-015426_v1  (1 tests)
  grid 0 (check_ld.py): inst-015490_v3 … inst-015490_v3  (1 tests)
  grid 0 (check_ld.py): inst-015491_v3 … inst-015491_v3  (1 tests)
  grid 0 (check_ld.py): inst-015652_v1 … inst-015652_v1  (1 tests)
  grid 0 (check_ld.py): inst-015660_v3 … inst-015660_v3  (1 tests)
  grid 0 (check_ld.py): inst-015707_v2 … inst-015707_v2  (1 tests)
  grid 0 (check_ld.py): inst-015713_v2 … inst-015713_v2  (1 tests)
  grid 0 (check_ld.py): inst-015721_v0 … inst-015721_v0  (1 tests)
  grid 0 (check_ld.py): inst-015969_v2 … inst-015969_v2  (1 tests)
  grid 0 (check_ld.py): inst-016017_v0 … inst-016017_v0  (1 tests)
  grid 0 (check_ld.py): inst-016085_v2 … inst-016085_v2  (1 tests)
  grid 0 (check_ld.py): inst-016128_v1 … inst-016128_v1  (1 tests)
  grid 0 (check_ld.py): inst-016267_v0 … inst-016267_v0  (1 tests)
  grid 0 (check_ld.py): inst-016670_v3 … inst-016670_v3  (1 tests)
  grid 0 (check_ld.py): inst-016720_v0 … inst-016720_v0  (1 tests)
  grid 0 (check_ld.py): inst-016742_v1 … inst-016742_v1  (1 tests)
  grid 0 (check_ld.py): inst-016811 … inst-016811  (1 tests)
  grid 0 (check_ld.py): inst-016833_v1 … inst-016833_v1  (1 tests)
  grid 0 (check_ld.py): inst-016857_v1 … inst-016857_v1  (1 tests)
  grid 0 (check_ld.py): inst-017246_v1 … inst-017246_v1  (1 tests)
  grid 0 (check_ld.py): inst-017340 … inst-017340  (1 tests)
  grid 0 (check_ld.py): inst-017363_v3 … inst-017363_v3  (1 tests)
  grid 0 (check_ld.py): inst-017365_v2 … inst-017365_v2  (1 tests)
  grid 0 (check_ld.py): inst-017437_v3 … inst-017437_v3  (1 tests)
  grid 0 (check_ld.py): inst-017561_v1 … inst-017561_v1  (1 tests)
  grid 0 (check_ld.py): inst-017578_v3 … inst-017578_v3  (1 tests)
  grid 0 (check_ld.py): inst-017586_v1 … inst-017586_v1  (1 tests)
  grid 0 (check_ld.py): inst-017639_v0 … inst-017639_v0  (1 tests)
  grid 0 (check_ld.py): inst-017651_v3 … inst-017651_v3  (1 tests)
  grid 0 (check_ld.py): inst-017673_v1 … inst-017673_v1  (1 tests)
  grid 0 (check_ld.py): inst-017681_v1 … inst-017681_v1  (1 tests)
  grid 0 (check_ld.py): inst-017755_v3 … inst-017755_v3  (1 tests)
  grid 0 (check_ld.py): inst-017900_v2 … inst-017900_v2  (1 tests)
  grid 0 (check_ld.py): inst-017948_v0 … inst-017948_v0  (1 tests)
  grid 0 (check_ld.py): inst-018019_v1 … inst-018019_v1  (1 tests)
  grid 0 (check_ld.py): inst-018089_v2 … inst-018089_v2  (1 tests)
  grid 0 (check_ld.py): inst-018316_v0 … inst-018316_v0  (1 tests)
  grid 0 (check_ld.py): inst-018318_v3 … inst-018318_v3  (1 tests)
  grid 0 (check_ld.py): inst-018441_v2 … inst-018441_v2  (1 tests)
  grid 0 (check_ld.py): inst-018522_v0 … inst-018522_v0  (1 tests)
  grid 0 (check_ld.py): inst-018528_v1 … inst-018528_v1  (1 tests)
  grid 0 (check_ld.py): inst-018537_v0 … inst-018537_v0  (1 tests)
  grid 0 (check_ld.py): inst-018590_v1 … inst-018590_v1  (1 tests)
  grid 0 (check_ld.py): inst-018805_v1 … inst-018805_v1  (1 tests)
  grid 0 (check_ld.py): inst-018813_v0 … inst-018813_v0  (1 tests)
  grid 0 (check_ld.py): inst-018820_v2 … inst-018820_v2  (1 tests)
  grid 0 (check_ld.py): inst-018821_v1 … inst-018821_v1  (1 tests)
  grid 0 (check_ld.py): inst-018855_v1 … inst-018855_v1  (1 tests)
  grid 0 (check_ld.py): inst-018890_v3 … inst-018890_v3  (1 tests)
  grid 0 (check_ld.py): inst-022267 … inst-022267  (1 tests)
  grid 0 (check_ld.py): inst-022527 … inst-022527  (1 tests)
  grid 0 (check_ld.py): inst-023258 … inst-023258  (1 tests)
  grid 0 (check_ld.py): inst-023275 … inst-023275  (1 tests)
  grid 0 (check_ld.py): inst-023381 … inst-023381  (1 tests)
  grid 0 (check_ld.py): inst-023697 … inst-023697  (1 tests)
  grid 0 (check_ld.py): inst-023700 … inst-023700  (1 tests)
  grid 0 (check_ld.py): inst-028153 … inst-028153  (1 tests)
  grid 0 (check_ld.py): inst-028162 … inst-028162  (1 tests)
  grid 0 (check_ld.py): inst-028185 … inst-028185  (1 tests)
  grid 0 (check_ld.py): inst-028187 … inst-028187  (1 tests)
  grid 0 (check_ld.py): inst-028265 … inst-028265  (1 tests)
  grid 0 (check_ld.py): inst-028271 … inst-028271  (1 tests)
  grid 0 (check_ld.py): inst-028539 … inst-028539  (1 tests)
  grid 0 (check_ld.py): inst-028541 … inst-028541  (1 tests)
  grid 0 (check_ld.py): inst-028574 … inst-028574  (1 tests)
  grid 0 (check_ld.py): inst-029119 … inst-029119  (1 tests)
  grid 0 (check_ld.py): inst-033536 … inst-033536  (1 tests)
  grid 0 (check_ld.py): inst-033565 … inst-033565  (1 tests)
  grid 0 (check_ld.py): inst-033615 … inst-033615  (1 tests)
  grid 0 (check_ld.py): inst-033646 … inst-033646  (1 tests)
  grid 0 (check_ld.py): inst-033759 … inst-033759  (1 tests)
  grid 0 (check_ld.py): inst-033807 … inst-033807  (1 tests)
  grid 0 (check_ld.py): inst-033811 … inst-033811  (1 tests)
  grid 0 (check_ld.py): inst-034024 … inst-034024  (1 tests)
  grid 0 (check_ld.py): inst-034031 … inst-034031  (1 tests)
  grid 0 (check_ld.py): inst-034094 … inst-034094  (1 tests)
  grid 0 (check_ld.py): inst-034120 … inst-034120  (1 tests)
  grid 0 (check_ld.py): inst-034157 … inst-034157  (1 tests)
  grid 0 (check_ld.py): inst-034198 … inst-034198  (1 tests)
  grid 0 (check_ld.py): inst-034952 … inst-034952  (1 tests)
  grid 0 (check_ld.py): inst-034968 … inst-034968  (1 tests)
  grid 0 (check_ld.py): inst-035029 … inst-035029  (1 tests)
  grid 0 (check_ld.py): inst-035120 … inst-035120  (1 tests)
  grid 0 (check_ld.py): inst-035156 … inst-035156  (1 tests)
  grid 0 (check_ld.py): inst-035303 … inst-035303  (1 tests)
  grid 0 (check_ld.py): inst-035412 … inst-035412  (1 tests)
  grid 0 (check_ld.py): inst-035423 … inst-035423  (1 tests)
  grid 0 (check_ld.py): inst-035455 … inst-035455  (1 tests)
  grid 0 (check_ld.py): inst-035458 … inst-035458  (1 tests)
  grid 0 (check_ld.py): inst-035511 … inst-035511  (1 tests)
  grid 0 (check_ld.py): inst-036312 … inst-036312  (1 tests)
  grid 0 (check_ld.py): inst-036397 … inst-036397  (1 tests)
  grid 0 (check_ld.py): inst-037003 … inst-037003  (1 tests)
  grid 0 (check_ld.py): inst-037009 … inst-037009  (1 tests)
  grid 0 (check_ld.py): inst-037010 … inst-037010  (1 tests)
  grid 0 (check_ld.py): inst-037019 … inst-037019  (1 tests)
  grid 0 (check_ld.py): inst-037034 … inst-037034  (1 tests)
  grid 0 (check_ld.py): inst-037042 … inst-037042  (1 tests)
  grid 0 (check_ld.py): inst-037050 … inst-037050  (1 tests)
  grid 0 (check_ld.py): inst-037056 … inst-037056  (1 tests)
  grid 0 (check_ld.py): inst-037101 … inst-037101  (1 tests)
  grid 0 (check_ld.py): inst-037115 … inst-037115  (1 tests)
  grid 0 (check_ld.py): inst-037119 … inst-037119  (1 tests)
  grid 0 (check_ld.py): inst-037125 … inst-037125  (1 tests)
  grid 0 (check_ld.py): inst-037127 … inst-037127  (1 tests)
  grid 0 (check_ld.py): inst-037142 … inst-037142  (1 tests)
  grid 0 (check_ld.py): inst-037227 … inst-037227  (1 tests)
  grid 0 (check_ld.py): inst-037234 … inst-037234  (1 tests)
  grid 0 (check_ld.py): inst-037280 … inst-037280  (1 tests)
  grid 0 (check_ld.py): inst-037285 … inst-037285  (1 tests)
  grid 0 (check_ld.py): inst-037295 … inst-037295  (1 tests)
  grid 0 (check_ld.py): inst-037318 … inst-037318  (1 tests)
  grid 0 (check_ld.py): inst-037325 … inst-037325  (1 tests)
  grid 0 (check_ld.py): inst-037328 … inst-037328  (1 tests)
  grid 0 (check_ld.py): inst-037937 … inst-037937  (1 tests)
  grid 0 (check_ld.py): inst-037991 … inst-037991  (1 tests)
  grid 0 (check_ld.py): inst-038018 … inst-038018  (1 tests)
  grid 0 (check_ld.py): inst-038457 … inst-038457  (1 tests)
  grid 0 (check_ld.py): inst-038458 … inst-038458  (1 tests)
  grid 0 (check_ld.py): inst-038464 … inst-038464  (1 tests)
  grid 0 (check_ld.py): inst-038466 … inst-038466  (1 tests)
  grid 0 (check_ld.py): inst-038488 … inst-038488  (1 tests)
  grid 0 (check_ld.py): inst-038575 … inst-038575  (1 tests)
  grid 0 (check_ld.py): inst-038626 … inst-038626  (1 tests)
  grid 0 (check_ld.py): inst-038627 … inst-038627  (1 tests)
  grid 0 (check_ld.py): inst-038637 … inst-038637  (1 tests)
  grid 0 (check_ld.py): inst-038640 … inst-038640  (1 tests)
  grid 0 (check_ld.py): inst-038645 … inst-038645  (1 tests)
  grid 0 (check_ld.py): inst-038656 … inst-038656  (1 tests)
  grid 0 (check_ld.py): inst-038739 … inst-038739  (1 tests)
  grid 0 (check_ld.py): inst-038741 … inst-038741  (1 tests)
  grid 0 (check_ld.py): inst-038753 … inst-038753  (1 tests)
  grid 0 (check_ld.py): inst-038759 … inst-038759  (1 tests)
  grid 0 (check_ld.py): inst-038761 … inst-038761  (1 tests)
  grid 0 (check_ld.py): inst-038878 … inst-038878  (1 tests)
  grid 0 (check_ld.py): inst-039011 … inst-039011  (1 tests)
  grid 0 (check_ld.py): inst-039463 … inst-039463  (1 tests)
  grid 0 (check_ld.py): inst-039472 … inst-039472  (1 tests)
  grid 0 (check_ld.py): inst-039475 … inst-039475  (1 tests)
  grid 0 (check_ld.py): inst-039507 … inst-039507  (1 tests)
  grid 0 (check_ld.py): inst-039571 … inst-039571  (1 tests)
  grid 0 (check_ld.py): inst-039585 … inst-039585  (1 tests)
  grid 0 (check_ld.py): inst-046005 … inst-046005  (1 tests)
  grid 0 (check_ld.py): inst-046013 … inst-046013  (1 tests)
  grid 0 (check_ld.py): inst-046022 … inst-046022  (1 tests)
  grid 0 (check_ld.py): inst-046044 … inst-046044  (1 tests)
  grid 0 (check_ld.py): inst-046068 … inst-046068  (1 tests)
  grid 0 (check_ld.py): inst-046069 … inst-046069  (1 tests)
  grid 0 (check_ld.py): inst-046072 … inst-046072  (1 tests)
  grid 0 (check_ld.py): inst-046078 … inst-046078  (1 tests)
  grid 0 (check_ld.py): inst-046085 … inst-046085  (1 tests)
  grid 0 (check_ld.py): inst-046088 … inst-046088  (1 tests)
  grid 0 (check_ld.py): inst-046092 … inst-046092  (1 tests)
  grid 0 (check_ld.py): inst-046093 … inst-046093  (1 tests)
  grid 0 (check_ld.py): inst-046094 … inst-046094  (1 tests)
  grid 0 (check_ld.py): inst-046095 … inst-046095  (1 tests)
  grid 0 (check_ld.py): inst-046114 … inst-046114  (1 tests)
  grid 0 (check_ld.py): inst-046120 … inst-046120  (1 tests)
  grid 0 (check_ld.py): inst-046123 … inst-046123  (1 tests)
  grid 0 (check_ld.py): inst-046127 … inst-046127  (1 tests)
  grid 0 (check_ld.py): inst-046134 … inst-046134  (1 tests)
  grid 0 (check_ld.py): inst-046139 … inst-046139  (1 tests)
  grid 0 (check_ld.py): inst-046150 … inst-046150  (1 tests)
  grid 0 (check_ld.py): inst-046156 … inst-046156  (1 tests)
  grid 0 (check_ld.py): inst-046161 … inst-046161  (1 tests)
  grid 0 (check_ld.py): inst-046170 … inst-046170  (1 tests)
  grid 0 (check_ld.py): inst-046173 … inst-046173  (1 tests)
  grid 0 (check_ld.py): inst-046177 … inst-046177  (1 tests)
  grid 0 (check_ld.py): inst-046191 … inst-046191  (1 tests)
  grid 0 (check_ld.py): inst-046211 … inst-046211  (1 tests)
  grid 0 (check_ld.py): inst-046223 … inst-046223  (1 tests)
  grid 0 (check_ld.py): inst-046230 … inst-046230  (1 tests)
  grid 0 (check_ld.py): inst-046237 … inst-046237  (1 tests)
  grid 0 (check_ld.py): inst-046238 … inst-046238  (1 tests)
  grid 0 (check_ld.py): inst-046248 … inst-046248  (1 tests)
  grid 0 (check_ld.py): inst-046252 … inst-046252  (1 tests)
  grid 0 (check_ld.py): inst-046253 … inst-046253  (1 tests)
  grid 0 (check_ld.py): inst-046260 … inst-046260  (1 tests)
  grid 0 (check_ld.py): inst-046266 … inst-046266  (1 tests)
  grid 0 (check_ld.py): inst-046272 … inst-046272  (1 tests)
  grid 0 (check_ld.py): inst-046283 … inst-046283  (1 tests)
  grid 0 (check_ld.py): inst-046290 … inst-046290  (1 tests)
  grid 0 (check_ld.py): inst-046291 … inst-046291  (1 tests)
  grid 0 (check_ld.py): inst-046294 … inst-046294  (1 tests)
  grid 0 (check_ld.py): inst-046307 … inst-046307  (1 tests)
  grid 0 (check_ld.py): inst-046311 … inst-046311  (1 tests)
  grid 0 (check_ld.py): inst-046317 … inst-046317  (1 tests)
  grid 0 (check_ld.py): inst-046320 … inst-046320  (1 tests)
  grid 0 (check_ld.py): inst-046326 … inst-046326  (1 tests)
  grid 0 (check_ld.py): inst-046327 … inst-046327  (1 tests)
  grid 0 (check_ld.py): inst-046330 … inst-046330  (1 tests)
  grid 0 (check_ld.py): inst-046331 … inst-046331  (1 tests)
  grid 0 (check_ld.py): inst-046333 … inst-046333  (1 tests)
  grid 0 (check_ld.py): inst-046335 … inst-046335  (1 tests)
  grid 0 (check_ld.py): inst-046344 … inst-046344  (1 tests)
  grid 0 (check_ld.py): inst-046351 … inst-046351  (1 tests)
  grid 0 (check_ld.py): inst-046352 … inst-046352  (1 tests)
  grid 0 (check_ld.py): inst-046359 … inst-046359  (1 tests)
  grid 0 (check_ld.py): inst-046362 … inst-046362  (1 tests)
  grid 0 (check_ld.py): inst-046373 … inst-046373  (1 tests)
  grid 0 (check_ld.py): inst-046382 … inst-046382  (1 tests)
  grid 0 (check_ld.py): inst-046384 … inst-046384  (1 tests)
  grid 0 (check_ld.py): inst-046396 … inst-046396  (1 tests)
  grid 0 (check_ld.py): inst-046397 … inst-046397  (1 tests)
  grid 0 (check_ld.py): inst-046399 … inst-046399  (1 tests)
  grid 0 (check_ld.py): inst-046403 … inst-046403  (1 tests)
  grid 0 (check_ld.py): inst-046406 … inst-046406  (1 tests)
  grid 0 (check_ld.py): inst-046414 … inst-046414  (1 tests)
  grid 0 (check_ld.py): inst-046418 … inst-046418  (1 tests)
  grid 0 (check_ld.py): inst-046419 … inst-046419  (1 tests)
  grid 0 (check_ld.py): inst-046424 … inst-046424  (1 tests)
  grid 0 (check_ld.py): inst-046428 … inst-046428  (1 tests)
  grid 0 (check_ld.py): inst-046433 … inst-046433  (1 tests)
  grid 0 (check_ld.py): inst-046434 … inst-046434  (1 tests)
  grid 0 (check_ld.py): inst-046446 … inst-046446  (1 tests)
  grid 0 (check_ld.py): inst-046457 … inst-046457  (1 tests)
  grid 0 (check_ld.py): inst-046469 … inst-046469  (1 tests)
  grid 0 (check_ld.py): inst-046477 … inst-046477  (1 tests)
  grid 0 (check_ld.py): inst-046486 … inst-046486  (1 tests)
  grid 0 (check_ld.py): inst-046497 … inst-046497  (1 tests)
  grid 0 (check_ld.py): inst-046502 … inst-046502  (1 tests)
  grid 0 (check_ld.py): inst-046507 … inst-046507  (1 tests)
  grid 0 (check_ld.py): inst-046513 … inst-046513  (1 tests)
  grid 0 (check_ld.py): inst-046534 … inst-046534  (1 tests)
  grid 0 (check_ld.py): inst-046537 … inst-046537  (1 tests)
  grid 0 (check_ld.py): inst-046540 … inst-046540  (1 tests)
  grid 0 (check_ld.py): inst-046552 … inst-046552  (1 tests)
  grid 0 (check_ld.py): inst-046560 … inst-046560  (1 tests)
  grid 0 (check_ld.py): inst-046572 … inst-046572  (1 tests)
  grid 0 (check_ld.py): inst-046590 … inst-046590  (1 tests)
  grid 0 (check_ld.py): inst-046596 … inst-046596  (1 tests)
  grid 0 (check_ld.py): inst-046619 … inst-046619  (1 tests)
  grid 0 (check_ld.py): inst-046643 … inst-046643  (1 tests)
  grid 0 (check_ld.py): inst-046661 … inst-046661  (1 tests)
  grid 0 (check_ld.py): inst-046665 … inst-046665  (1 tests)
  grid 0 (check_ld.py): inst-046677 … inst-046677  (1 tests)
  grid 0 (check_ld.py): inst-046693 … inst-046693  (1 tests)
  grid 0 (check_ld.py): inst-046695 … inst-046695  (1 tests)
  grid 0 (check_ld.py): inst-046697 … inst-046697  (1 tests)
  grid 0 (check_ld.py): inst-046699 … inst-046699  (1 tests)
  grid 0 (check_ld.py): inst-046700 … inst-046700  (1 tests)
  grid 0 (check_ld.py): inst-046715 … inst-046715  (1 tests)
  grid 0 (check_ld.py): inst-046720 … inst-046720  (1 tests)
  grid 0 (check_ld.py): inst-046724 … inst-046724  (1 tests)
  grid 0 (check_ld.py): inst-046725 … inst-046725  (1 tests)
  grid 0 (check_ld.py): inst-046729 … inst-046729  (1 tests)
  grid 0 (check_ld.py): inst-046743 … inst-046743  (1 tests)
  grid 0 (check_ld.py): inst-046748 … inst-046748  (1 tests)
  grid 0 (check_ld.py): inst-046749 … inst-046749  (1 tests)
  grid 0 (check_ld.py): inst-046752 … inst-046752  (1 tests)
  grid 0 (check_ld.py): inst-046753 … inst-046753  (1 tests)
  grid 0 (check_ld.py): inst-046755 … inst-046755  (1 tests)
  grid 0 (check_ld.py): inst-046765 … inst-046765  (1 tests)
  grid 0 (check_ld.py): inst-046775 … inst-046775  (1 tests)
  grid 0 (check_ld.py): inst-046778 … inst-046778  (1 tests)
  grid 0 (check_ld.py): inst-046779 … inst-046779  (1 tests)
  grid 0 (check_ld.py): inst-046782 … inst-046782  (1 tests)
  grid 0 (check_ld.py): inst-046784 … inst-046784  (1 tests)
  grid 0 (check_ld.py): inst-046786 … inst-046786  (1 tests)
  grid 0 (check_ld.py): inst-046790 … inst-046790  (1 tests)
  grid 0 (check_ld.py): inst-046791 … inst-046791  (1 tests)
  grid 0 (check_ld.py): inst-046802 … inst-046802  (1 tests)
  grid 0 (check_ld.py): inst-046804 … inst-046804  (1 tests)
  grid 0 (check_ld.py): inst-046805 … inst-046805  (1 tests)
  grid 0 (check_ld.py): inst-046814 … inst-046814  (1 tests)
  grid 0 (check_ld.py): inst-046816 … inst-046816  (1 tests)
  grid 0 (check_ld.py): inst-046817 … inst-046817  (1 tests)
  grid 0 (check_ld.py): inst-046837 … inst-046837  (1 tests)
  grid 0 (check_ld.py): inst-046844 … inst-046844  (1 tests)
  grid 0 (check_ld.py): inst-046845 … inst-046845  (1 tests)
  grid 0 (check_ld.py): inst-046847 … inst-046847  (1 tests)
  grid 0 (check_ld.py): inst-046858 … inst-046858  (1 tests)
  grid 0 (check_ld.py): inst-046870 … inst-046870  (1 tests)
  grid 0 (check_ld.py): inst-046892 … inst-046892  (1 tests)
  grid 0 (check_ld.py): inst-046913 … inst-046913  (1 tests)
  grid 0 (check_ld.py): inst-047207 … inst-047207  (1 tests)
  grid 0 (check_ld.py): inst-047214 … inst-047214  (1 tests)
  grid 0 (check_ld.py): inst-047216 … inst-047216  (1 tests)
  grid 0 (check_ld.py): inst-047218 … inst-047218  (1 tests)
  grid 0 (check_ld.py): inst-047224 … inst-047224  (1 tests)
  grid 0 (check_ld.py): inst-047235 … inst-047235  (1 tests)
  grid 0 (check_ld.py): inst-047238 … inst-047238  (1 tests)
  grid 0 (check_ld.py): inst-047245 … inst-047245  (1 tests)
  grid 0 (check_ld.py): inst-047249 … inst-047249  (1 tests)
  grid 0 (check_ld.py): inst-047259 … inst-047259  (1 tests)
  grid 0 (check_ld.py): inst-047261 … inst-047261  (1 tests)
  grid 0 (check_ld.py): inst-047266 … inst-047266  (1 tests)
  grid 0 (check_ld.py): inst-047271 … inst-047271  (1 tests)
  grid 0 (check_ld.py): inst-047275 … inst-047275  (1 tests)
  grid 0 (check_ld.py): inst-047276 … inst-047276  (1 tests)
  grid 0 (check_ld.py): inst-047279 … inst-047279  (1 tests)
  grid 0 (check_ld.py): inst-047282 … inst-047282  (1 tests)
  grid 0 (check_ld.py): inst-047284 … inst-047284  (1 tests)
  grid 0 (check_ld.py): inst-047291 … inst-047291  (1 tests)
  grid 0 (check_ld.py): inst-047305 … inst-047305  (1 tests)
  grid 0 (check_ld.py): inst-047309 … inst-047309  (1 tests)
  grid 0 (check_ld.py): inst-047316 … inst-047316  (1 tests)
  grid 0 (check_ld.py): inst-047351 … inst-047351  (1 tests)
  grid 0 (check_ld.py): inst-047355 … inst-047355  (1 tests)
  grid 0 (check_ld.py): inst-047370 … inst-047370  (1 tests)
  grid 0 (check_ld.py): inst-047386 … inst-047386  (1 tests)
  grid 0 (check_ld.py): inst-047387 … inst-047387  (1 tests)
  grid 0 (check_ld.py): inst-047394 … inst-047394  (1 tests)
  grid 0 (check_ld.py): inst-047401 … inst-047401  (1 tests)
  grid 0 (check_ld.py): inst-047412 … inst-047412  (1 tests)
  grid 0 (check_ld.py): inst-047417 … inst-047417  (1 tests)
  grid 0 (check_ld.py): inst-047420 … inst-047420  (1 tests)
  grid 0 (check_ld.py): inst-047424 … inst-047424  (1 tests)
  grid 0 (check_ld.py): inst-047425 … inst-047425  (1 tests)
  grid 0 (check_ld.py): inst-047447 … inst-047447  (1 tests)
  grid 0 (check_ld.py): inst-047465 … inst-047465  (1 tests)
  grid 0 (check_ld.py): inst-047472 … inst-047472  (1 tests)
  grid 0 (check_ld.py): inst-047491 … inst-047491  (1 tests)
  grid 0 (check_ld.py): inst-047508 … inst-047508  (1 tests)
  grid 0 (check_ld.py): inst-047511 … inst-047511  (1 tests)
  grid 0 (check_ld.py): inst-047514 … inst-047514  (1 tests)
  grid 0 (check_ld.py): inst-047518 … inst-047518  (1 tests)
  grid 0 (check_ld.py): inst-047520 … inst-047520  (1 tests)
  grid 0 (check_ld.py): inst-047526 … inst-047526  (1 tests)
  grid 0 (check_ld.py): inst-047533 … inst-047533  (1 tests)
  grid 0 (check_ld.py): inst-047540 … inst-047540  (1 tests)
  grid 0 (check_ld.py): inst-047543 … inst-047543  (1 tests)
  grid 0 (check_ld.py): inst-047554 … inst-047554  (1 tests)
  grid 0 (check_ld.py): inst-047557 … inst-047557  (1 tests)
  grid 0 (check_ld.py): inst-047560 … inst-047560  (1 tests)
  grid 0 (check_ld.py): inst-047561 … inst-047561  (1 tests)
  grid 0 (check_ld.py): inst-047564 … inst-047564  (1 tests)
  grid 0 (check_ld.py): inst-047567 … inst-047567  (1 tests)
  grid 0 (check_ld.py): inst-047570 … inst-047570  (1 tests)
  grid 0 (check_ld.py): inst-047571 … inst-047571  (1 tests)
  grid 0 (check_ld.py): inst-047572 … inst-047572  (1 tests)
  grid 0 (check_ld.py): inst-047578 … inst-047578  (1 tests)
  grid 0 (check_ld.py): inst-047585 … inst-047585  (1 tests)
  grid 0 (check_ld.py): inst-047587 … inst-047587  (1 tests)
  grid 0 (check_ld.py): inst-047590 … inst-047590  (1 tests)
  grid 0 (check_ld.py): inst-047591 … inst-047591  (1 tests)
  grid 0 (check_ld.py): inst-047604 … inst-047604  (1 tests)
  grid 0 (check_ld.py): inst-047608 … inst-047608  (1 tests)
  grid 0 (check_ld.py): inst-047609 … inst-047609  (1 tests)
  grid 0 (check_ld.py): inst-047612 … inst-047612  (1 tests)
  grid 0 (check_ld.py): inst-047617 … inst-047617  (1 tests)
  grid 0 (check_ld.py): inst-047688 … inst-047688  (1 tests)
  grid 0 (check_ld.py): inst-047708 … inst-047708  (1 tests)
  grid 0 (check_ld.py): inst-047710 … inst-047710  (1 tests)
  grid 0 (check_ld.py): inst-047727 … inst-047727  (1 tests)
  grid 0 (check_ld.py): inst-047732 … inst-047732  (1 tests)
  grid 0 (check_ld.py): inst-047734 … inst-047734  (1 tests)
  grid 0 (check_ld.py): inst-047736 … inst-047736  (1 tests)
  grid 0 (check_ld.py): inst-047738 … inst-047738  (1 tests)
  grid 0 (check_ld.py): inst-047743 … inst-047743  (1 tests)
  grid 0 (check_ld.py): inst-047750 … inst-047750  (1 tests)
  grid 0 (check_ld.py): inst-047756 … inst-047756  (1 tests)
  grid 0 (check_ld.py): inst-047760 … inst-047760  (1 tests)
  grid 0 (check_ld.py): inst-047765 … inst-047765  (1 tests)
  grid 0 (check_ld.py): inst-047769 … inst-047769  (1 tests)
  grid 0 (check_ld.py): inst-047774 … inst-047774  (1 tests)
  grid 0 (check_ld.py): inst-047778 … inst-047778  (1 tests)
  grid 0 (check_ld.py): inst-047779 … inst-047779  (1 tests)
  grid 0 (check_ld.py): inst-047781 … inst-047781  (1 tests)
  grid 0 (check_ld.py): inst-047801 … inst-047801  (1 tests)
  grid 0 (check_ld.py): inst-047802 … inst-047802  (1 tests)
  grid 0 (check_ld.py): inst-047803 … inst-047803  (1 tests)
  grid 0 (check_ld.py): inst-047805 … inst-047805  (1 tests)
  grid 0 (check_ld.py): inst-047868 … inst-047868  (1 tests)
  grid 0 (check_ld.py): inst-047883 … inst-047883  (1 tests)
  grid 0 (check_ld.py): inst-047884 … inst-047884  (1 tests)
  grid 0 (check_ld.py): inst-047885 … inst-047885  (1 tests)
  grid 0 (check_ld.py): inst-047933 … inst-047933  (1 tests)
  grid 0 (check_ld.py): inst-047936 … inst-047936  (1 tests)
  grid 0 (check_ld.py): inst-047939 … inst-047939  (1 tests)
  grid 0 (check_ld.py): inst-047941 … inst-047941  (1 tests)
  grid 0 (check_ld.py): inst-047950 … inst-047950  (1 tests)
  grid 0 (check_ld.py): inst-047961 … inst-047961  (1 tests)
  grid 0 (check_ld.py): inst-047962 … inst-047962  (1 tests)
  grid 0 (check_ld.py): inst-047966 … inst-047966  (1 tests)
  grid 0 (check_ld.py): inst-047977 … inst-047977  (1 tests)
  grid 0 (check_ld.py): inst-047996 … inst-047996  (1 tests)
  grid 0 (check_ld.py): inst-047998 … inst-047998  (1 tests)
  grid 0 (check_ld.py): inst-048005 … inst-048005  (1 tests)
  grid 0 (check_ld.py): inst-048008 … inst-048008  (1 tests)
  grid 0 (check_ld.py): inst-048013 … inst-048013  (1 tests)
  grid 0 (check_ld.py): inst-048017 … inst-048017  (1 tests)
  grid 0 (check_ld.py): inst-048021 … inst-048021  (1 tests)
  grid 0 (check_ld.py): inst-048028 … inst-048028  (1 tests)
  grid 0 (check_ld.py): inst-048033 … inst-048033  (1 tests)
  grid 0 (check_ld.py): inst-048035 … inst-048035  (1 tests)
  grid 0 (check_ld.py): inst-048036 … inst-048036  (1 tests)
  grid 0 (check_ld.py): inst-048047 … inst-048047  (1 tests)
  grid 0 (check_ld.py): inst-048048 … inst-048048  (1 tests)
  grid 0 (check_ld.py): inst-048054 … inst-048054  (1 tests)
  grid 0 (check_ld.py): inst-048076 … inst-048076  (1 tests)
  grid 0 (check_ld.py): inst-048078 … inst-048078  (1 tests)
  grid 0 (check_ld.py): inst-048090 … inst-048090  (1 tests)
  grid 0 (check_ld.py): inst-048099 … inst-048099  (1 tests)
  grid 0 (check_ld.py): inst-048106 … inst-048106  (1 tests)
  grid 0 (check_ld.py): inst-048117 … inst-048117  (1 tests)
  grid 0 (check_ld.py): inst-048128 … inst-048128  (1 tests)
  grid 0 (check_ld.py): inst-048131 … inst-048131  (1 tests)
  grid 0 (check_ld.py): inst-048171 … inst-048171  (1 tests)
  grid 0 (check_ld.py): inst-048180 … inst-048180  (1 tests)
  grid 0 (check_ld.py): inst-048193 … inst-048193  (1 tests)
  grid 0 (check_ld.py): inst-048201 … inst-048201  (1 tests)
  grid 0 (check_ld.py): inst-048211 … inst-048211  (1 tests)
  grid 0 (check_ld.py): inst-048212 … inst-048212  (1 tests)
  grid 0 (check_ld.py): inst-048214 … inst-048214  (1 tests)
  grid 0 (check_ld.py): inst-048226 … inst-048226  (1 tests)
  grid 0 (check_ld.py): inst-048229 … inst-048229  (1 tests)
  grid 0 (check_ld.py): inst-048235 … inst-048235  (1 tests)
  grid 0 (check_ld.py): inst-048236 … inst-048236  (1 tests)
  grid 0 (check_ld.py): inst-048240 … inst-048240  (1 tests)
  grid 0 (check_ld.py): inst-048259 … inst-048259  (1 tests)
  grid 0 (check_ld.py): inst-048263 … inst-048263  (1 tests)
  grid 0 (check_ld.py): inst-048270 … inst-048270  (1 tests)
  grid 0 (check_ld.py): inst-048273 … inst-048273  (1 tests)
  grid 0 (check_ld.py): inst-048274 … inst-048274  (1 tests)
  grid 0 (check_ld.py): inst-048275 … inst-048275  (1 tests)
  grid 0 (check_ld.py): inst-048278 … inst-048278  (1 tests)
  grid 0 (check_ld.py): inst-048280 … inst-048280  (1 tests)
  grid 0 (check_ld.py): inst-048296 … inst-048296  (1 tests)
  grid 0 (check_ld.py): inst-048299 … inst-048299  (1 tests)
  grid 0 (check_ld.py): inst-048300 … inst-048300  (1 tests)
  grid 0 (check_ld.py): inst-048305 … inst-048305  (1 tests)
  grid 0 (check_ld.py): inst-048307 … inst-048307  (1 tests)
  grid 0 (check_ld.py): inst-048309 … inst-048309  (1 tests)
  grid 0 (check_ld.py): inst-048318 … inst-048318  (1 tests)
  grid 0 (check_ld.py): inst-048320 … inst-048320  (1 tests)
  grid 0 (check_ld.py): inst-048324 … inst-048324  (1 tests)
  grid 0 (check_ld.py): inst-048328 … inst-048328  (1 tests)
  grid 0 (check_ld.py): inst-048330 … inst-048330  (1 tests)
  grid 0 (check_ld.py): inst-048336 … inst-048336  (1 tests)
  grid 0 (check_ld.py): inst-048345 … inst-048345  (1 tests)
  grid 0 (check_ld.py): inst-048349 … inst-048349  (1 tests)
  grid 0 (check_ld.py): inst-048351 … inst-048351  (1 tests)
  grid 0 (check_ld.py): inst-048355 … inst-048355  (1 tests)
  grid 0 (check_ld.py): inst-048358 … inst-048358  (1 tests)
  grid 0 (check_ld.py): inst-048363 … inst-048363  (1 tests)
  grid 0 (check_ld.py): inst-048369 … inst-048369  (1 tests)
  grid 0 (check_ld.py): inst-048381 … inst-048381  (1 tests)
  grid 0 (check_ld.py): inst-048387 … inst-048387  (1 tests)
  grid 0 (check_ld.py): inst-048391 … inst-048391  (1 tests)
  grid 0 (check_ld.py): inst-048392 … inst-048392  (1 tests)
  grid 0 (check_ld.py): inst-048399 … inst-048399  (1 tests)
  grid 0 (check_ld.py): inst-048401 … inst-048401  (1 tests)
  grid 0 (check_ld.py): inst-048402 … inst-048402  (1 tests)
  grid 0 (check_ld.py): inst-048421 … inst-048421  (1 tests)
  grid 0 (check_ld.py): inst-048425 … inst-048425  (1 tests)
  grid 0 (check_ld.py): inst-048428 … inst-048428  (1 tests)
  grid 0 (check_ld.py): inst-048429 … inst-048429  (1 tests)
  grid 0 (check_ld.py): inst-048437 … inst-048437  (1 tests)
  grid 0 (check_ld.py): inst-048439 … inst-048439  (1 tests)
  grid 0 (check_ld.py): inst-048452 … inst-048452  (1 tests)
  grid 0 (check_ld.py): inst-048453 … inst-048453  (1 tests)
  grid 0 (check_ld.py): inst-048456 … inst-048456  (1 tests)
  grid 0 (check_ld.py): inst-048458 … inst-048458  (1 tests)
  grid 0 (check_ld.py): inst-048459 … inst-048459  (1 tests)
  grid 0 (check_ld.py): inst-048462 … inst-048462  (1 tests)
  grid 0 (check_ld.py): inst-048472 … inst-048472  (1 tests)
  grid 0 (check_ld.py): inst-048478 … inst-048478  (1 tests)
  grid 0 (check_ld.py): inst-048486 … inst-048486  (1 tests)
  grid 0 (check_ld.py): inst-048487 … inst-048487  (1 tests)
  grid 0 (check_ld.py): inst-048490 … inst-048490  (1 tests)
  grid 0 (check_ld.py): inst-048492 … inst-048492  (1 tests)
  grid 0 (check_ld.py): inst-048494 … inst-048494  (1 tests)
  grid 0 (check_ld.py): inst-048496 … inst-048496  (1 tests)
  grid 0 (check_ld.py): inst-048499 … inst-048499  (1 tests)
  grid 0 (check_ld.py): inst-048501 … inst-048501  (1 tests)
  grid 0 (check_ld.py): inst-048515 … inst-048515  (1 tests)
  grid 0 (check_ld.py): inst-048517 … inst-048517  (1 tests)
  grid 0 (check_ld.py): inst-048520 … inst-048520  (1 tests)
  grid 0 (check_ld.py): inst-048521 … inst-048521  (1 tests)
  grid 0 (check_ld.py): inst-048530 … inst-048530  (1 tests)
  grid 0 (check_ld.py): inst-048538 … inst-048538  (1 tests)
  grid 0 (check_ld.py): inst-048544 … inst-048544  (1 tests)
  grid 0 (check_ld.py): inst-048548 … inst-048548  (1 tests)
  grid 0 (check_ld.py): inst-048558 … inst-048558  (1 tests)
  grid 0 (check_ld.py): inst-048564 … inst-048564  (1 tests)
  grid 0 (check_ld.py): inst-048574 … inst-048574  (1 tests)
  grid 0 (check_ld.py): inst-048578 … inst-048578  (1 tests)
  grid 0 (check_ld.py): inst-048580 … inst-048580  (1 tests)
  grid 0 (check_ld.py): inst-048594 … inst-048594  (1 tests)
  grid 0 (check_ld.py): inst-048611 … inst-048611  (1 tests)
  grid 0 (check_ld.py): inst-048629 … inst-048629  (1 tests)
  grid 0 (check_ld.py): inst-048632 … inst-048632  (1 tests)
  grid 0 (check_ld.py): inst-048644 … inst-048644  (1 tests)
  grid 0 (check_ld.py): inst-048646 … inst-048646  (1 tests)
  grid 0 (check_ld.py): inst-048666 … inst-048666  (1 tests)
  grid 0 (check_ld.py): inst-048669 … inst-048669  (1 tests)
  grid 0 (check_ld.py): inst-048681 … inst-048681  (1 tests)
  grid 0 (check_ld.py): inst-048688 … inst-048688  (1 tests)
  grid 0 (check_ld.py): inst-048696 … inst-048696  (1 tests)
  grid 0 (check_ld.py): inst-048707 … inst-048707  (1 tests)
  grid 0 (check_ld.py): inst-048716 … inst-048716  (1 tests)
  grid 0 (check_ld.py): inst-048719 … inst-048719  (1 tests)
  grid 0 (check_ld.py): inst-048724 … inst-048724  (1 tests)
  grid 0 (check_ld.py): inst-048735 … inst-048735  (1 tests)
  grid 0 (check_ld.py): inst-048738 … inst-048738  (1 tests)
  grid 0 (check_ld.py): inst-048741 … inst-048741  (1 tests)
  grid 0 (check_ld.py): inst-048746 … inst-048746  (1 tests)
  grid 0 (check_ld.py): inst-048762 … inst-048762  (1 tests)
  grid 0 (check_ld.py): inst-048764 … inst-048764  (1 tests)
  grid 0 (check_ld.py): inst-048767 … inst-048767  (1 tests)
  grid 0 (check_ld.py): inst-048776 … inst-048776  (1 tests)
  grid 0 (check_ld.py): inst-048777 … inst-048777  (1 tests)
  grid 0 (check_ld.py): inst-048789 … inst-048789  (1 tests)
  grid 0 (check_ld.py): inst-048830 … inst-048830  (1 tests)
  grid 0 (check_ld.py): inst-048838 … inst-048838  (1 tests)
  grid 0 (check_ld.py): inst-048849 … inst-048849  (1 tests)
  grid 0 (check_ld.py): inst-048853 … inst-048853  (1 tests)
  grid 0 (check_ld.py): inst-048865 … inst-048865  (1 tests)
  grid 0 (check_ld.py): inst-048889 … inst-048889  (1 tests)
  grid 0 (check_ld.py): inst-048891 … inst-048891  (1 tests)
  grid 0 (check_ld.py): inst-048904 … inst-048904  (1 tests)
  grid 0 (check_ld.py): inst-048911 … inst-048911  (1 tests)
  grid 0 (check_ld.py): inst-048915 … inst-048915  (1 tests)
  grid 0 (check_ld.py): inst-048916 … inst-048916  (1 tests)
  grid 0 (check_ld.py): inst-048919 … inst-048919  (1 tests)
  grid 0 (check_ld.py): inst-048931 … inst-048931  (1 tests)
  grid 0 (check_ld.py): inst-048935 … inst-048935  (1 tests)
  grid 0 (check_ld.py): inst-048939 … inst-048939  (1 tests)
  grid 0 (check_ld.py): inst-048940 … inst-048940  (1 tests)
  grid 0 (check_ld.py): inst-048947 … inst-048947  (1 tests)
  grid 0 (check_ld.py): inst-048948 … inst-048948  (1 tests)
  grid 0 (check_ld.py): inst-048951 … inst-048951  (1 tests)
  grid 0 (check_ld.py): inst-048952 … inst-048952  (1 tests)
  grid 0 (check_ld.py): inst-048954 … inst-048954  (1 tests)
  grid 0 (check_ld.py): inst-048965 … inst-048965  (1 tests)
  grid 0 (check_ld.py): inst-048966 … inst-048966  (1 tests)
  grid 0 (check_ld.py): inst-048981 … inst-048981  (1 tests)
  grid 0 (check_ld.py): inst-048990 … inst-048990  (1 tests)
  grid 0 (check_ld.py): inst-048997 … inst-048997  (1 tests)
  grid 0 (check_ld.py): inst-049011 … inst-049011  (1 tests)
  grid 0 (check_ld.py): inst-049016 … inst-049016  (1 tests)
  grid 0 (check_ld.py): inst-049042 … inst-049042  (1 tests)
  grid 0 (check_ld.py): inst-049049 … inst-049049  (1 tests)
  grid 0 (check_ld.py): inst-049053 … inst-049053  (1 tests)
  grid 0 (check_ld.py): inst-049055 … inst-049055  (1 tests)
  grid 0 (check_ld.py): inst-049058 … inst-049058  (1 tests)
  grid 0 (check_ld.py): inst-049061 … inst-049061  (1 tests)
  grid 0 (check_ld.py): inst-049065 … inst-049065  (1 tests)
  grid 0 (check_ld.py): inst-049066 … inst-049066  (1 tests)
  grid 0 (check_ld.py): inst-049077 … inst-049077  (1 tests)
  grid 0 (check_ld.py): inst-049084 … inst-049084  (1 tests)
  grid 0 (check_ld.py): inst-049085 … inst-049085  (1 tests)
  grid 0 (check_ld.py): inst-049086 … inst-049086  (1 tests)
  grid 0 (check_ld.py): inst-049092 … inst-049092  (1 tests)
  grid 0 (check_ld.py): inst-049093 … inst-049093  (1 tests)
  grid 0 (check_ld.py): inst-049095 … inst-049095  (1 tests)
  grid 0 (check_ld.py): inst-049096 … inst-049096  (1 tests)
  grid 0 (check_ld.py): inst-049099 … inst-049099  (1 tests)
  grid 0 (check_ld.py): inst-049113 … inst-049113  (1 tests)
  grid 0 (check_ld.py): inst-049115 … inst-049115  (1 tests)
  grid 0 (check_ld.py): inst-049117 … inst-049117  (1 tests)
  grid 0 (check_ld.py): inst-049120 … inst-049120  (1 tests)
  grid 0 (check_ld.py): inst-049121 … inst-049121  (1 tests)
  grid 0 (check_ld.py): inst-049123 … inst-049123  (1 tests)
  grid 0 (check_ld.py): inst-049125 … inst-049125  (1 tests)
  grid 0 (check_ld.py): inst-049128 … inst-049128  (1 tests)
  grid 0 (check_ld.py): inst-049131 … inst-049131  (1 tests)
  grid 0 (check_ld.py): inst-049132 … inst-049132  (1 tests)
  grid 0 (check_ld.py): inst-049146 … inst-049146  (1 tests)
  grid 0 (check_ld.py): inst-049159 … inst-049159  (1 tests)
  grid 0 (check_ld.py): inst-049162 … inst-049162  (1 tests)
  grid 0 (check_ld.py): inst-049166 … inst-049166  (1 tests)
  grid 0 (check_ld.py): inst-049177 … inst-049177  (1 tests)
  grid 0 (check_ld.py): inst-049196 … inst-049196  (1 tests)
  grid 0 (check_ld.py): inst-049208 … inst-049208  (1 tests)
  grid 0 (check_ld.py): inst-049215 … inst-049215  (1 tests)
  grid 0 (check_ld.py): inst-049216 … inst-049216  (1 tests)
  grid 0 (check_ld.py): inst-049220 … inst-049220  (1 tests)
  grid 0 (check_ld.py): inst-049225 … inst-049225  (1 tests)
  grid 0 (check_ld.py): inst-049233 … inst-049233  (1 tests)
  grid 0 (check_ld.py): inst-049236 … inst-049236  (1 tests)
  grid 0 (check_ld.py): inst-049237 … inst-049237  (1 tests)
  grid 0 (check_ld.py): inst-049241 … inst-049241  (1 tests)
  grid 0 (check_ld.py): inst-049254 … inst-049254  (1 tests)
  grid 0 (check_ld.py): inst-049419 … inst-049419  (1 tests)
  grid 0 (check_ld.py): inst-049422 … inst-049422  (1 tests)
  grid 0 (check_ld.py): inst-049434 … inst-049434  (1 tests)
  grid 0 (check_ld.py): inst-049438 … inst-049438  (1 tests)
  grid 0 (check_ld.py): inst-049442 … inst-049442  (1 tests)
  grid 0 (check_ld.py): inst-049452 … inst-049452  (1 tests)
  grid 0 (check_ld.py): inst-049460 … inst-049460  (1 tests)
  grid 0 (check_ld.py): inst-049462 … inst-049462  (1 tests)
  grid 0 (check_ld.py): inst-049463 … inst-049463  (1 tests)
  grid 0 (check_ld.py): inst-049468 … inst-049468  (1 tests)
  grid 0 (check_ld.py): inst-049484 … inst-049484  (1 tests)
  grid 0 (check_ld.py): inst-049501 … inst-049501  (1 tests)
  grid 0 (check_ld.py): inst-049519 … inst-049519  (1 tests)
  grid 0 (check_ld.py): inst-049524 … inst-049524  (1 tests)
  grid 0 (check_ld.py): inst-049527 … inst-049527  (1 tests)
  grid 0 (check_ld.py): inst-049528 … inst-049528  (1 tests)
  grid 0 (check_ld.py): inst-049529 … inst-049529  (1 tests)
  grid 0 (check_ld.py): inst-049531 … inst-049531  (1 tests)
  grid 0 (check_ld.py): inst-049538 … inst-049538  (1 tests)
  grid 0 (check_ld.py): inst-049540 … inst-049540  (1 tests)
  grid 0 (check_ld.py): inst-049557 … inst-049557  (1 tests)
  grid 0 (check_ld.py): inst-049563 … inst-049563  (1 tests)
  grid 0 (check_ld.py): inst-049564 … inst-049564  (1 tests)
  grid 0 (check_ld.py): inst-049596 … inst-049596  (1 tests)
  grid 0 (check_ld.py): inst-049604 … inst-049604  (1 tests)
  grid 0 (check_ld.py): inst-049611 … inst-049611  (1 tests)
  grid 0 (check_ld.py): inst-049614 … inst-049614  (1 tests)
  grid 0 (check_ld.py): inst-049617 … inst-049617  (1 tests)
  grid 0 (check_ld.py): inst-049622 … inst-049622  (1 tests)
  grid 0 (check_ld.py): inst-049624 … inst-049624  (1 tests)
  grid 0 (check_ld.py): inst-049629 … inst-049629  (1 tests)
  grid 0 (check_ld.py): inst-049631 … inst-049631  (1 tests)
  grid 0 (check_ld.py): inst-049655 … inst-049655  (1 tests)
  grid 0 (check_ld.py): inst-049663 … inst-049663  (1 tests)
  grid 0 (check_ld.py): inst-049676 … inst-049676  (1 tests)
  grid 0 (check_ld.py): inst-049686 … inst-049686  (1 tests)
  grid 0 (check_ld.py): inst-049689 … inst-049689  (1 tests)
  grid 0 (check_ld.py): inst-049692 … inst-049692  (1 tests)
  grid 0 (check_ld.py): inst-049695 … inst-049695  (1 tests)
  grid 0 (check_ld.py): inst-049698 … inst-049698  (1 tests)
  grid 0 (check_ld.py): inst-049708 … inst-049708  (1 tests)
  grid 0 (check_ld.py): inst-049709 … inst-049709  (1 tests)
  grid 0 (check_ld.py): inst-049711 … inst-049711  (1 tests)
  grid 0 (check_ld.py): inst-049716 … inst-049716  (1 tests)
  grid 0 (check_ld.py): inst-049725 … inst-049725  (1 tests)
  grid 0 (check_ld.py): inst-049727 … inst-049727  (1 tests)
  grid 0 (check_ld.py): inst-049745 … inst-049745  (1 tests)
  grid 0 (check_ld.py): inst-049748 … inst-049748  (1 tests)
  grid 0 (check_ld.py): inst-049754 … inst-049754  (1 tests)
  grid 0 (check_ld.py): inst-049757 … inst-049757  (1 tests)
  grid 0 (check_ld.py): inst-049759 … inst-049759  (1 tests)
  grid 0 (check_ld.py): inst-049763 … inst-049763  (1 tests)
  grid 0 (check_ld.py): inst-049777 … inst-049777  (1 tests)
  grid 0 (check_ld.py): inst-049796 … inst-049796  (1 tests)
  grid 0 (check_ld.py): inst-049821 … inst-049821  (1 tests)
  grid 0 (check_ld.py): inst-049823 … inst-049823  (1 tests)
  grid 0 (check_ld.py): inst-049831 … inst-049831  (1 tests)
  grid 0 (check_ld.py): inst-049838 … inst-049838  (1 tests)
  grid 0 (check_ld.py): inst-049846 … inst-049846  (1 tests)
  grid 0 (check_ld.py): inst-049848 … inst-049848  (1 tests)
  grid 0 (check_ld.py): inst-049855 … inst-049855  (1 tests)
  grid 0 (check_ld.py): inst-049856 … inst-049856  (1 tests)
  grid 0 (check_ld.py): inst-049861 … inst-049861  (1 tests)
  grid 0 (check_ld.py): inst-049867 … inst-049867  (1 tests)
  grid 0 (check_ld.py): inst-049870 … inst-049870  (1 tests)
  grid 0 (check_ld.py): inst-049882 … inst-049882  (1 tests)
  grid 0 (check_ld.py): inst-049889 … inst-049889  (1 tests)
  grid 0 (check_ld.py): inst-049892 … inst-049892  (1 tests)
  grid 0 (check_ld.py): inst-049902 … inst-049902  (1 tests)
  grid 0 (check_ld.py): inst-049921 … inst-049921  (1 tests)
  grid 0 (check_ld.py): inst-049925 … inst-049925  (1 tests)
  grid 0 (check_ld.py): inst-049928 … inst-049928  (1 tests)
  grid 0 (check_ld.py): inst-049930 … inst-049930  (1 tests)
  grid 0 (check_ld.py): inst-049932 … inst-049932  (1 tests)
  grid 0 (check_ld.py): inst-049933 … inst-049933  (1 tests)
  grid 0 (check_ld.py): inst-049937 … inst-049937  (1 tests)
  grid 0 (check_ld.py): inst-049949 … inst-049949  (1 tests)
  grid 0 (check_ld.py): inst-049954 … inst-049954  (1 tests)
  grid 0 (check_ld.py): inst-049959 … inst-049959  (1 tests)
  grid 0 (check_ld.py): inst-049961 … inst-049961  (1 tests)
  grid 0 (check_ld.py): inst-049966 … inst-049966  (1 tests)
  grid 0 (check_ld.py): inst-049971 … inst-049971  (1 tests)
  grid 0 (check_ld.py): inst-049973 … inst-049973  (1 tests)
  grid 0 (check_ld.py): inst-049975 … inst-049975  (1 tests)
  grid 0 (check_ld.py): inst-049976 … inst-049976  (1 tests)
  grid 0 (check_ld.py): inst-049986 … inst-049986  (1 tests)
  grid 0 (check_ld.py): inst-049991 … inst-049991  (1 tests)
  grid 0 (check_ld.py): inst-049993 … inst-049993  (1 tests)
  grid 0 (check_ld.py): inst-049994 … inst-049994  (1 tests)
  grid 0 (check_ld.py): inst-049997 … inst-049997  (1 tests)
  grid 0 (check_ld.py): inst-050005 … inst-050005  (1 tests)
  grid 0 (check_ld.py): inst-050008 … inst-050008  (1 tests)
  grid 0 (check_ld.py): inst-050010 … inst-050010  (1 tests)
  grid 0 (check_ld.py): inst-050012 … inst-050012  (1 tests)
  grid 0 (check_ld.py): inst-050014 … inst-050014  (1 tests)
  grid 0 (check_ld.py): inst-050016 … inst-050016  (1 tests)
  grid 0 (check_ld.py): inst-050026 … inst-050026  (1 tests)
  grid 0 (check_ld.py): inst-050034 … inst-050034  (1 tests)
  grid 0 (check_ld.py): inst-050040 … inst-050040  (1 tests)
  grid 0 (check_ld.py): inst-050042 … inst-050042  (1 tests)
  grid 0 (check_ld.py): inst-050046 … inst-050046  (1 tests)
  grid 0 (check_ld.py): inst-050051 … inst-050051  (1 tests)
  grid 0 (check_ld.py): inst-050053 … inst-050053  (1 tests)
  grid 0 (check_ld.py): inst-050059 … inst-050059  (1 tests)
  grid 0 (check_ld.py): inst-050062 … inst-050062  (1 tests)
  grid 0 (check_ld.py): inst-050066 … inst-050066  (1 tests)
  grid 0 (check_ld.py): inst-050076 … inst-050076  (1 tests)
  grid 0 (check_ld.py): inst-050084 … inst-050084  (1 tests)
  grid 0 (check_ld.py): inst-050095 … inst-050095  (1 tests)
  grid 0 (check_ld.py): inst-050106 … inst-050106  (1 tests)
  grid 0 (check_ld.py): inst-050108 … inst-050108  (1 tests)
  grid 0 (check_ld.py): inst-050114 … inst-050114  (1 tests)
  grid 0 (check_ld.py): inst-050117 … inst-050117  (1 tests)
  grid 0 (check_ld.py): inst-050122 … inst-050122  (1 tests)
  grid 0 (check_ld.py): inst-050128 … inst-050128  (1 tests)
  grid 0 (check_ld.py): inst-050135 … inst-050135  (1 tests)
  grid 0 (check_ld.py): inst-050136 … inst-050136  (1 tests)
  grid 0 (check_ld.py): inst-050138 … inst-050138  (1 tests)
  grid 0 (check_ld.py): inst-050140 … inst-050140  (1 tests)
  grid 0 (check_ld.py): inst-050145 … inst-050145  (1 tests)
  grid 0 (check_ld.py): inst-050146 … inst-050146  (1 tests)
  grid 0 (check_ld.py): inst-050153 … inst-050153  (1 tests)
  grid 0 (check_ld.py): inst-050159 … inst-050159  (1 tests)
  grid 0 (check_ld.py): inst-050170 … inst-050170  (1 tests)
  grid 0 (check_ld.py): inst-050171 … inst-050171  (1 tests)
  grid 0 (check_ld.py): inst-050185 … inst-050185  (1 tests)
  grid 0 (check_ld.py): inst-050187 … inst-050187  (1 tests)
  grid 0 (check_ld.py): inst-050189 … inst-050189  (1 tests)
  grid 0 (check_ld.py): inst-050192 … inst-050192  (1 tests)
  grid 0 (check_ld.py): inst-050194 … inst-050194  (1 tests)
  grid 0 (check_ld.py): inst-050198 … inst-050198  (1 tests)
  grid 0 (check_ld.py): inst-050206 … inst-050206  (1 tests)
  grid 0 (check_ld.py): inst-050207 … inst-050207  (1 tests)
  grid 0 (check_ld.py): inst-050212 … inst-050212  (1 tests)
  grid 0 (check_ld.py): inst-050215 … inst-050215  (1 tests)
  grid 0 (check_ld.py): inst-050218 … inst-050218  (1 tests)
  grid 0 (check_ld.py): inst-050223 … inst-050223  (1 tests)
  grid 0 (check_ld.py): inst-050232 … inst-050232  (1 tests)
  grid 0 (check_ld.py): inst-050239 … inst-050239  (1 tests)
  grid 0 (check_ld.py): inst-050246 … inst-050246  (1 tests)
  grid 0 (check_ld.py): inst-050248 … inst-050248  (1 tests)
  grid 0 (check_ld.py): inst-050253 … inst-050253  (1 tests)
  grid 0 (check_ld.py): inst-050267 … inst-050267  (1 tests)
  grid 0 (check_ld.py): inst-050272 … inst-050272  (1 tests)
  grid 0 (check_ld.py): inst-050276 … inst-050276  (1 tests)
  grid 0 (check_ld.py): inst-050277 … inst-050277  (1 tests)
  grid 0 (check_ld.py): inst-050286 … inst-050286  (1 tests)
  grid 0 (check_ld.py): inst-050287 … inst-050287  (1 tests)
  grid 0 (check_ld.py): inst-050289 … inst-050289  (1 tests)
  grid 0 (check_ld.py): inst-050305 … inst-050305  (1 tests)
  grid 0 (check_ld.py): inst-050309 … inst-050309  (1 tests)
  grid 0 (check_ld.py): inst-050332 … inst-050332  (1 tests)
  grid 0 (check_ld.py): inst-050341 … inst-050341  (1 tests)
  grid 0 (check_ld.py): inst-050344 … inst-050344  (1 tests)
  grid 0 (check_ld.py): inst-050354 … inst-050354  (1 tests)
  grid 0 (check_ld.py): inst-050364 … inst-050364  (1 tests)
  grid 0 (check_ld.py): inst-050375 … inst-050375  (1 tests)
  grid 0 (check_ld.py): inst-050376 … inst-050376  (1 tests)
  grid 0 (check_ld.py): inst-050388 … inst-050388  (1 tests)
  grid 0 (check_ld.py): inst-050400 … inst-050400  (1 tests)
  grid 0 (check_ld.py): inst-050403 … inst-050403  (1 tests)
  grid 0 (check_ld.py): inst-050404 … inst-050404  (1 tests)
  grid 0 (check_ld.py): inst-050408 … inst-050408  (1 tests)
  grid 0 (check_ld.py): inst-050410 … inst-050410  (1 tests)
  grid 0 (check_ld.py): inst-050412 … inst-050412  (1 tests)
  grid 0 (check_ld.py): inst-050416 … inst-050416  (1 tests)
  grid 0 (check_ld.py): inst-050418 … inst-050418  (1 tests)
  grid 0 (check_ld.py): inst-050420 … inst-050420  (1 tests)
  grid 0 (check_ld.py): inst-050424 … inst-050424  (1 tests)
  grid 0 (check_ld.py): inst-050428 … inst-050428  (1 tests)
  grid 0 (check_ld.py): inst-050429 … inst-050429  (1 tests)
  grid 0 (check_ld.py): inst-050458 … inst-050458  (1 tests)
  grid 0 (check_ld.py): inst-050461 … inst-050461  (1 tests)
  grid 0 (check_ld.py): inst-050465 … inst-050465  (1 tests)
  grid 0 (check_ld.py): inst-050468 … inst-050468  (1 tests)
  grid 0 (check_ld.py): inst-050475 … inst-050475  (1 tests)
  grid 0 (check_ld.py): inst-050482 … inst-050482  (1 tests)
  grid 0 (check_ld.py): inst-050484 … inst-050484  (1 tests)
  grid 0 (check_ld.py): inst-050487 … inst-050487  (1 tests)
  grid 0 (check_ld.py): inst-050488 … inst-050488  (1 tests)
  grid 0 (check_ld.py): inst-050493 … inst-050493  (1 tests)
  grid 0 (check_ld.py): inst-050494 … inst-050494  (1 tests)
  grid 0 (check_ld.py): inst-050498 … inst-050498  (1 tests)
  grid 0 (check_ld.py): inst-050528 … inst-050528  (1 tests)
  grid 0 (check_ld.py): inst-050531 … inst-050531  (1 tests)
  grid 0 (check_ld.py): inst-050539 … inst-050539  (1 tests)
  grid 0 (check_ld.py): inst-050546 … inst-050546  (1 tests)
  grid 0 (check_ld.py): inst-050548 … inst-050548  (1 tests)
  grid 0 (check_ld.py): inst-050558 … inst-050558  (1 tests)
  grid 0 (check_ld.py): inst-050566 … inst-050566  (1 tests)
  grid 0 (check_ld.py): inst-050570 … inst-050570  (1 tests)
  grid 0 (check_ld.py): inst-050578 … inst-050578  (1 tests)
  grid 0 (check_ld.py): inst-050592 … inst-050592  (1 tests)
  grid 0 (check_ld.py): inst-050610 … inst-050610  (1 tests)
  grid 0 (check_ld.py): inst-050614 … inst-050614  (1 tests)
  grid 0 (check_ld.py): inst-050616 … inst-050616  (1 tests)
  grid 0 (check_ld.py): inst-050617 … inst-050617  (1 tests)
  grid 0 (check_ld.py): inst-050625 … inst-050625  (1 tests)
  grid 0 (check_ld.py): inst-050632 … inst-050632  (1 tests)
  grid 0 (check_ld.py): inst-050633 … inst-050633  (1 tests)
  grid 0 (check_ld.py): inst-050646 … inst-050646  (1 tests)
  grid 0 (check_ld.py): inst-050655 … inst-050655  (1 tests)
  grid 0 (check_ld.py): inst-050656 … inst-050656  (1 tests)
  grid 0 (check_ld.py): inst-050660 … inst-050660  (1 tests)
  grid 0 (check_ld.py): inst-050665 … inst-050665  (1 tests)
  grid 0 (check_ld.py): inst-050696 … inst-050696  (1 tests)
  grid 0 (check_ld.py): inst-050697 … inst-050697  (1 tests)
  grid 0 (check_ld.py): inst-050702 … inst-050702  (1 tests)
  grid 0 (check_ld.py): inst-050704 … inst-050704  (1 tests)
  grid 0 (check_ld.py): inst-050710 … inst-050710  (1 tests)
  grid 0 (check_ld.py): inst-050718 … inst-050718  (1 tests)
  grid 0 (check_ld.py): inst-050720 … inst-050720  (1 tests)
  grid 0 (check_ld.py): inst-050730 … inst-050730  (1 tests)
  grid 0 (check_ld.py): inst-050738 … inst-050738  (1 tests)
  grid 0 (check_ld.py): inst-050750 … inst-050750  (1 tests)
  grid 0 (check_ld.py): inst-050753 … inst-050753  (1 tests)
  grid 0 (check_ld.py): inst-050774 … inst-050774  (1 tests)
  grid 0 (check_ld.py): inst-050778 … inst-050778  (1 tests)
  grid 0 (check_ld.py): inst-050784 … inst-050784  (1 tests)
  grid 0 (check_ld.py): inst-050790 … inst-050790  (1 tests)
  grid 0 (check_ld.py): inst-050792 … inst-050792  (1 tests)
  grid 0 (check_ld.py): inst-050799 … inst-050799  (1 tests)
  grid 0 (check_ld.py): inst-050801 … inst-050801  (1 tests)
  grid 0 (check_ld.py): inst-050854 … inst-050854  (1 tests)
  grid 0 (check_ld.py): inst-050857 … inst-050857  (1 tests)
  grid 0 (check_ld.py): inst-050869 … inst-050869  (1 tests)
  grid 0 (check_ld.py): inst-050881 … inst-050881  (1 tests)
  grid 0 (check_ld.py): inst-050889 … inst-050889  (1 tests)
  grid 0 (check_ld.py): inst-050899 … inst-050899  (1 tests)
  grid 0 (check_ld.py): inst-050900 … inst-050900  (1 tests)
  grid 0 (check_ld.py): inst-050938 … inst-050938  (1 tests)
  grid 0 (check_ld.py): inst-050940 … inst-050940  (1 tests)
  grid 0 (check_ld.py): inst-050941 … inst-050941  (1 tests)
  grid 0 (check_ld.py): inst-050949 … inst-050949  (1 tests)
  grid 0 (check_ld.py): inst-050950 … inst-050950  (1 tests)
  grid 0 (check_ld.py): inst-050953 … inst-050953  (1 tests)
  grid 0 (check_ld.py): inst-050957 … inst-050957  (1 tests)
  grid 0 (check_ld.py): inst-050959 … inst-050959  (1 tests)
  grid 0 (check_ld.py): inst-050960 … inst-050960  (1 tests)
  grid 0 (check_ld.py): inst-050962 … inst-050962  (1 tests)
  grid 0 (check_ld.py): inst-050968 … inst-050968  (1 tests)
  grid 0 (check_ld.py): inst-050980 … inst-050980  (1 tests)
  grid 0 (check_ld.py): inst-050982 … inst-050982  (1 tests)
  grid 0 (check_ld.py): inst-050984 … inst-050984  (1 tests)
  grid 0 (check_ld.py): inst-052633 … inst-052633  (1 tests)
  grid 0 (check_ld.py): inst-052655 … inst-052655  (1 tests)
  grid 0 (check_ld.py): inst-052666 … inst-052666  (1 tests)
  grid 0 (check_ld.py): inst-052685 … inst-052685  (1 tests)
  grid 0 (check_ld.py): inst-052692 … inst-052692  (1 tests)
  grid 0 (check_ld.py): inst-052695 … inst-052695  (1 tests)
  grid 0 (check_ld.py): inst-052696 … inst-052696  (1 tests)
  grid 0 (check_ld.py): inst-052731 … inst-052731  (1 tests)
  grid 0 (check_ld.py): inst-052744 … inst-052744  (1 tests)
  grid 0 (check_ld.py): inst-052755 … inst-052755  (1 tests)
  grid 0 (check_ld.py): inst-052757 … inst-052757  (1 tests)
  grid 0 (check_ld.py): inst-052767 … inst-052767  (1 tests)
  grid 0 (check_ld.py): inst-052771 … inst-052771  (1 tests)
  grid 0 (check_ld.py): inst-052772 … inst-052772  (1 tests)
  grid 0 (check_ld.py): inst-052777 … inst-052777  (1 tests)
  grid 0 (check_ld.py): inst-052784 … inst-052784  (1 tests)
  grid 0 (check_ld.py): inst-052790 … inst-052790  (1 tests)
  grid 0 (check_ld.py): inst-052794 … inst-052794  (1 tests)
  grid 0 (check_ld.py): inst-052795 … inst-052795  (1 tests)
  grid 0 (check_ld.py): inst-052798 … inst-052798  (1 tests)
  grid 0 (check_ld.py): inst-052802 … inst-052802  (1 tests)
  grid 0 (check_ld.py): inst-052812 … inst-052812  (1 tests)
  grid 0 (check_ld.py): inst-052814 … inst-052814  (1 tests)
  grid 0 (check_ld.py): inst-052817 … inst-052817  (1 tests)
  grid 0 (check_ld.py): inst-052821 … inst-052821  (1 tests)
  grid 0 (check_ld.py): inst-052826 … inst-052826  (1 tests)
  grid 0 (check_ld.py): inst-052830 … inst-052830  (1 tests)
  grid 0 (check_ld.py): inst-052843 … inst-052843  (1 tests)
  grid 0 (check_ld.py): inst-052848 … inst-052848  (1 tests)
  grid 0 (check_ld.py): inst-052855 … inst-052855  (1 tests)
  grid 0 (check_ld.py): inst-052862 … inst-052862  (1 tests)
  grid 0 (check_ld.py): inst-052868 … inst-052868  (1 tests)
  grid 0 (check_ld.py): inst-052871 … inst-052871  (1 tests)
  grid 0 (check_ld.py): inst-052872 … inst-052872  (1 tests)
  grid 0 (check_ld.py): inst-052873 … inst-052873  (1 tests)
  grid 0 (check_ld.py): inst-052875 … inst-052875  (1 tests)
  grid 0 (check_ld.py): inst-052879 … inst-052879  (1 tests)
  grid 0 (check_ld.py): inst-052882 … inst-052882  (1 tests)
  grid 0 (check_ld.py): inst-052887 … inst-052887  (1 tests)
  grid 0 (check_ld.py): inst-052892 … inst-052892  (1 tests)
  grid 0 (check_ld.py): inst-052896 … inst-052896  (1 tests)
  grid 0 (check_ld.py): inst-052904 … inst-052904  (1 tests)
  grid 0 (check_ld.py): inst-052907 … inst-052907  (1 tests)
  grid 0 (check_ld.py): inst-052928 … inst-052928  (1 tests)
  grid 0 (check_ld.py): inst-052937 … inst-052937  (1 tests)
  grid 0 (check_ld.py): inst-052945 … inst-052945  (1 tests)
  grid 0 (check_ld.py): inst-052947 … inst-052947  (1 tests)
  grid 0 (check_ld.py): inst-052949 … inst-052949  (1 tests)
  grid 0 (check_ld.py): inst-052952 … inst-052952  (1 tests)
  grid 0 (check_ld.py): inst-052953 … inst-052953  (1 tests)
  grid 0 (check_ld.py): inst-052955 … inst-052955  (1 tests)
  grid 0 (check_ld.py): inst-052956 … inst-052956  (1 tests)
  grid 0 (check_ld.py): inst-052957 … inst-052957  (1 tests)
  grid 0 (check_ld.py): inst-052970 … inst-052970  (1 tests)
  grid 0 (check_ld.py): inst-052971 … inst-052971  (1 tests)
  grid 0 (check_ld.py): inst-052973 … inst-052973  (1 tests)
  grid 0 (check_ld.py): inst-052977 … inst-052977  (1 tests)
  grid 0 (check_ld.py): inst-052978 … inst-052978  (1 tests)
  grid 0 (check_ld.py): inst-052983 … inst-052983  (1 tests)
  grid 0 (check_ld.py): inst-052990 … inst-052990  (1 tests)
  grid 0 (check_ld.py): inst-052993 … inst-052993  (1 tests)
  grid 0 (check_ld.py): inst-053007 … inst-053007  (1 tests)
  grid 0 (check_ld.py): inst-053023 … inst-053023  (1 tests)
  grid 0 (check_ld.py): inst-053026 … inst-053026  (1 tests)
  grid 0 (check_ld.py): inst-053029 … inst-053029  (1 tests)
  grid 0 (check_ld.py): inst-053040 … inst-053040  (1 tests)
  grid 0 (check_ld.py): inst-053043 … inst-053043  (1 tests)
  grid 0 (check_ld.py): inst-053052 … inst-053052  (1 tests)
  grid 0 (check_ld.py): inst-053053 … inst-053053  (1 tests)
  grid 0 (check_ld.py): inst-053057 … inst-053057  (1 tests)
  grid 0 (check_ld.py): inst-053062 … inst-053062  (1 tests)
  grid 0 (check_ld.py): inst-053069 … inst-053069  (1 tests)
  grid 0 (check_ld.py): inst-053072 … inst-053072  (1 tests)
  grid 0 (check_ld.py): inst-053088 … inst-053088  (1 tests)
  grid 0 (check_ld.py): inst-053089 … inst-053089  (1 tests)
  grid 0 (check_ld.py): inst-053101 … inst-053101  (1 tests)
  grid 0 (check_ld.py): inst-053102 … inst-053102  (1 tests)
  grid 0 (check_ld.py): inst-053103 … inst-053103  (1 tests)
  grid 0 (check_ld.py): inst-053104 … inst-053104  (1 tests)
  grid 0 (check_ld.py): inst-053108 … inst-053108  (1 tests)
  grid 0 (check_ld.py): inst-053109 … inst-053109  (1 tests)
  grid 0 (check_ld.py): inst-053112 … inst-053112  (1 tests)
  grid 0 (check_ld.py): inst-053113 … inst-053113  (1 tests)
  grid 0 (check_ld.py): inst-053118 … inst-053118  (1 tests)
  grid 0 (check_ld.py): inst-053126 … inst-053126  (1 tests)
  grid 0 (check_ld.py): inst-053132 … inst-053132  (1 tests)
  grid 0 (check_ld.py): inst-053151 … inst-053151  (1 tests)
  grid 0 (check_ld.py): inst-053153 … inst-053153  (1 tests)
  grid 0 (check_ld.py): inst-053165 … inst-053165  (1 tests)
  grid 0 (check_ld.py): inst-053167 … inst-053167  (1 tests)
  grid 0 (check_ld.py): inst-053174 … inst-053174  (1 tests)
  grid 0 (check_ld.py): inst-053186 … inst-053186  (1 tests)
  grid 0 (check_ld.py): inst-053210 … inst-053210  (1 tests)
  grid 0 (check_ld.py): inst-053211 … inst-053211  (1 tests)
  grid 0 (check_ld.py): inst-053221 … inst-053221  (1 tests)
  grid 0 (check_ld.py): inst-053224 … inst-053224  (1 tests)
  grid 0 (check_ld.py): inst-053227 … inst-053227  (1 tests)
  grid 0 (check_ld.py): inst-053248 … inst-053248  (1 tests)
  grid 0 (check_ld.py): inst-053262 … inst-053262  (1 tests)
  grid 0 (check_ld.py): inst-053287 … inst-053287  (1 tests)
  grid 0 (check_ld.py): inst-053303 … inst-053303  (1 tests)
  grid 0 (check_ld.py): inst-053313 … inst-053313  (1 tests)
  grid 0 (check_ld.py): inst-053321 … inst-053321  (1 tests)
  grid 0 (check_ld.py): inst-053338 … inst-053338  (1 tests)
  grid 0 (check_ld.py): inst-053357 … inst-053357  (1 tests)
  grid 0 (check_ld.py): inst-053362 … inst-053362  (1 tests)
  grid 0 (check_ld.py): inst-053363 … inst-053363  (1 tests)
  grid 0 (check_ld.py): inst-053366 … inst-053366  (1 tests)
  grid 0 (check_ld.py): inst-053367 … inst-053367  (1 tests)
  grid 0 (check_ld.py): inst-053368 … inst-053368  (1 tests)
  grid 0 (check_ld.py): inst-053369 … inst-053369  (1 tests)
  grid 0 (check_ld.py): inst-053375 … inst-053375  (1 tests)
  grid 0 (check_ld.py): inst-053379 … inst-053379  (1 tests)
  grid 0 (check_ld.py): inst-053380 … inst-053380  (1 tests)
  grid 0 (check_ld.py): inst-053384 … inst-053384  (1 tests)
  grid 0 (check_ld.py): inst-053387 … inst-053387  (1 tests)
  grid 0 (check_ld.py): inst-053388 … inst-053388  (1 tests)
  grid 0 (check_ld.py): inst-053389 … inst-053389  (1 tests)
  grid 0 (check_ld.py): inst-053390 … inst-053390  (1 tests)
  grid 0 (check_ld.py): inst-053400 … inst-053400  (1 tests)
  grid 0 (check_ld.py): inst-053403 … inst-053403  (1 tests)
  grid 0 (check_ld.py): inst-053412 … inst-053412  (1 tests)
  grid 0 (check_ld.py): inst-053413 … inst-053413  (1 tests)
  grid 0 (check_ld.py): inst-053418 … inst-053418  (1 tests)
  grid 0 (check_ld.py): inst-053433 … inst-053433  (1 tests)
  grid 0 (check_ld.py): inst-053436 … inst-053436  (1 tests)
  grid 0 (check_ld.py): inst-053437 … inst-053437  (1 tests)
  grid 0 (check_ld.py): inst-053470 … inst-053470  (1 tests)
  grid 0 (check_ld.py): inst-053471 … inst-053471  (1 tests)
  grid 0 (check_ld.py): inst-053474 … inst-053474  (1 tests)
  grid 0 (check_ld.py): inst-053492 … inst-053492  (1 tests)
  grid 0 (check_ld.py): inst-053499 … inst-053499  (1 tests)
  grid 0 (check_ld.py): inst-053506 … inst-053506  (1 tests)
  grid 0 (check_ld.py): inst-053523 … inst-053523  (1 tests)
  grid 0 (check_ld.py): inst-053527 … inst-053527  (1 tests)
  grid 0 (check_ld.py): inst-053528 … inst-053528  (1 tests)
  grid 0 (check_ld.py): inst-053536 … inst-053536  (1 tests)
  grid 0 (check_ld.py): inst-053537 … inst-053537  (1 tests)
  grid 0 (check_ld.py): inst-053538 … inst-053538  (1 tests)
  grid 0 (check_ld.py): inst-053555 … inst-053555  (1 tests)
  grid 0 (check_ld.py): inst-053558 … inst-053558  (1 tests)
  grid 0 (check_ld.py): inst-053562 … inst-053562  (1 tests)
  grid 0 (check_ld.py): inst-053569 … inst-053569  (1 tests)
  grid 0 (check_ld.py): inst-053572 … inst-053572  (1 tests)
  grid 0 (check_ld.py): inst-053581 … inst-053581  (1 tests)
  grid 0 (check_ld.py): inst-053586 … inst-053586  (1 tests)
  grid 0 (check_ld.py): inst-053588 … inst-053588  (1 tests)
  grid 0 (check_ld.py): inst-053589 … inst-053589  (1 tests)
  grid 0 (check_ld.py): inst-053599 … inst-053599  (1 tests)
  grid 0 (check_ld.py): inst-053883 … inst-053883  (1 tests)
  grid 0 (check_ld.py): inst-053887 … inst-053887  (1 tests)
  grid 0 (check_ld.py): inst-053890 … inst-053890  (1 tests)
  grid 0 (check_ld.py): inst-053893 … inst-053893  (1 tests)
  grid 0 (check_ld.py): inst-053894 … inst-053894  (1 tests)
  grid 0 (check_ld.py): inst-053923 … inst-053923  (1 tests)
  grid 0 (check_ld.py): inst-053924 … inst-053924  (1 tests)
  grid 0 (check_ld.py): inst-053941 … inst-053941  (1 tests)
  grid 0 (check_ld.py): inst-053944 … inst-053944  (1 tests)
  grid 0 (check_ld.py): inst-053953 … inst-053953  (1 tests)
  grid 0 (check_ld.py): inst-053962 … inst-053962  (1 tests)
  grid 0 (check_ld.py): inst-053963 … inst-053963  (1 tests)
  grid 1 (check_ld.py): inst-000073_v2 … inst-000073_v2  (1 tests)
  grid 1 (check_ld.py): inst-000114_v3 … inst-000114_v3  (1 tests)
  grid 1 (check_ld.py): inst-000214_v0 … inst-000214_v0  (1 tests)
  grid 1 (check_ld.py): inst-000306_v0 … inst-000306_v0  (1 tests)
  grid 1 (check_ld.py): inst-000322_v1 … inst-000322_v1  (1 tests)
  grid 1 (check_ld.py): inst-000392 … inst-000392  (1 tests)
  grid 1 (check_ld.py): inst-000463_v0 … inst-000463_v0  (1 tests)
  grid 1 (check_ld.py): inst-000486_v0 … inst-000486_v0  (1 tests)
  grid 1 (check_ld.py): inst-000593_v1 … inst-000593_v1  (1 tests)
  grid 1 (check_ld.py): inst-000596_v3 … inst-000596_v3  (1 tests)
  grid 1 (check_ld.py): inst-000633_v0 … inst-000633_v0  (1 tests)
  grid 1 (check_ld.py): inst-000847_v0 … inst-000847_v0  (1 tests)
  grid 1 (check_ld.py): inst-000895_v2 … inst-000895_v2  (1 tests)
  grid 1 (check_ld.py): inst-000954_v0 … inst-000954_v0  (1 tests)
  grid 1 (check_ld.py): inst-000964_v1 … inst-000964_v1  (1 tests)
  grid 1 (check_ld.py): inst-000996_v3 … inst-000996_v3  (1 tests)
  grid 1 (check_ld.py): inst-001051_v2 … inst-001051_v2  (1 tests)
  grid 1 (check_ld.py): inst-001070_v1 … inst-001070_v1  (1 tests)
  grid 1 (check_ld.py): inst-001263_v1 … inst-001263_v1  (1 tests)
  grid 1 (check_ld.py): inst-001310_v2 … inst-001310_v2  (1 tests)
  grid 1 (check_ld.py): inst-001311_v0 … inst-001311_v0  (1 tests)
  grid 1 (check_ld.py): inst-001319_v3 … inst-001319_v3  (1 tests)
  grid 1 (check_ld.py): inst-001328_v1 … inst-001328_v1  (1 tests)
  grid 1 (check_ld.py): inst-001365_v3 … inst-001365_v3  (1 tests)
  grid 1 (check_ld.py): inst-001375_v1 … inst-001375_v1  (1 tests)
  grid 1 (check_ld.py): inst-001381_v2 … inst-001381_v2  (1 tests)
  grid 1 (check_ld.py): inst-001471_v2 … inst-001471_v2  (1 tests)
  grid 1 (check_ld.py): inst-001613_v0 … inst-001613_v0  (1 tests)
  grid 1 (check_ld.py): inst-001791 … inst-001791  (1 tests)
  grid 1 (check_ld.py): inst-001804_v2 … inst-001804_v2  (1 tests)
  grid 1 (check_ld.py): inst-001805_v0 … inst-001805_v0  (1 tests)
  grid 1 (check_ld.py): inst-001919_v2 … inst-001919_v2  (1 tests)
  grid 1 (check_ld.py): inst-002020_v2 … inst-002020_v2  (1 tests)
  grid 1 (check_ld.py): inst-002046_v1 … inst-002046_v1  (1 tests)
  grid 1 (check_ld.py): inst-002082 … inst-002082  (1 tests)
  grid 1 (check_ld.py): inst-002321_v2 … inst-002321_v2  (1 tests)
  grid 1 (check_ld.py): inst-002373_v2 … inst-002373_v2  (1 tests)
  grid 1 (check_ld.py): inst-002759_v2 … inst-002759_v2  (1 tests)
  grid 1 (check_ld.py): inst-002761_v0 … inst-002761_v0  (1 tests)
  grid 1 (check_ld.py): inst-002801_v2 … inst-002801_v2  (1 tests)
  grid 1 (check_ld.py): inst-002867_v0 … inst-002867_v0  (1 tests)
  grid 1 (check_ld.py): inst-002881_v0 … inst-002881_v0  (1 tests)
  grid 1 (check_ld.py): inst-002910_v3 … inst-002910_v3  (1 tests)
  grid 1 (check_ld.py): inst-002966_v3 … inst-002966_v3  (1 tests)
  grid 1 (check_ld.py): inst-002981_v2 … inst-002981_v2  (1 tests)
  grid 1 (check_ld.py): inst-002998_v3 … inst-002998_v3  (1 tests)
  grid 1 (check_ld.py): inst-003051_v3 … inst-003051_v3  (1 tests)
  grid 1 (check_ld.py): inst-003236_v2 … inst-003236_v2  (1 tests)
  grid 1 (check_ld.py): inst-003287_v1 … inst-003287_v1  (1 tests)
  grid 1 (check_ld.py): inst-003335_v2 … inst-003335_v2  (1 tests)
  grid 1 (check_ld.py): inst-003340_v3 … inst-003340_v3  (1 tests)
  grid 1 (check_ld.py): inst-003576_v3 … inst-003576_v3  (1 tests)
  grid 1 (check_ld.py): inst-003616_v2 … inst-003616_v2  (1 tests)
  grid 1 (check_ld.py): inst-003890 … inst-003890  (1 tests)
  grid 1 (check_ld.py): inst-003895_v1 … inst-003895_v1  (1 tests)
  grid 1 (check_ld.py): inst-003896_v2 … inst-003896_v2  (1 tests)
  grid 1 (check_ld.py): inst-003907_v1 … inst-003907_v1  (1 tests)
  grid 1 (check_ld.py): inst-003918_v3 … inst-003918_v3  (1 tests)
  grid 1 (check_ld.py): inst-003963 … inst-003963  (1 tests)
  grid 1 (check_ld.py): inst-003969_v1 … inst-003969_v1  (1 tests)
  grid 1 (check_ld.py): inst-003973 … inst-003973  (1 tests)
  grid 1 (check_ld.py): inst-003975 … inst-003975  (1 tests)
  grid 1 (check_ld.py): inst-003976 … inst-003976  (1 tests)
  grid 1 (check_ld.py): inst-004087_v2 … inst-004087_v2  (1 tests)
  grid 1 (check_ld.py): inst-004182_v0 … inst-004182_v0  (1 tests)
  grid 1 (check_ld.py): inst-004259_v3 … inst-004259_v3  (1 tests)
  grid 1 (check_ld.py): inst-004366_v1 … inst-004366_v1  (1 tests)
  grid 1 (check_ld.py): inst-004418_v0 … inst-004418_v0  (1 tests)
  grid 1 (check_ld.py): inst-004418_v3 … inst-004418_v3  (1 tests)
  grid 1 (check_ld.py): inst-004552_v2 … inst-004552_v2  (1 tests)
  grid 1 (check_ld.py): inst-004556_v1 … inst-004556_v1  (1 tests)
  grid 1 (check_ld.py): inst-004617_v2 … inst-004617_v2  (1 tests)
  grid 1 (check_ld.py): inst-004668_v1 … inst-004668_v1  (1 tests)
  grid 1 (check_ld.py): inst-004747_v3 … inst-004747_v3  (1 tests)
  grid 1 (check_ld.py): inst-004795_v0 … inst-004795_v0  (1 tests)
  grid 1 (check_ld.py): inst-004858_v1 … inst-004858_v1  (1 tests)
  grid 1 (check_ld.py): inst-004863_v2 … inst-004863_v2  (1 tests)
  grid 1 (check_ld.py): inst-005194_v1 … inst-005194_v1  (1 tests)
  grid 1 (check_ld.py): inst-005258_v3 … inst-005258_v3  (1 tests)
  grid 1 (check_ld.py): inst-005274 … inst-005274  (1 tests)
  grid 1 (check_ld.py): inst-005276 … inst-005276  (1 tests)
  grid 1 (check_ld.py): inst-005277 … inst-005277  (1 tests)
  grid 1 (check_ld.py): inst-005283 … inst-005283  (1 tests)
  grid 1 (check_ld.py): inst-005286_v0 … inst-005286_v0  (1 tests)
  grid 1 (check_ld.py): inst-005292_v2 … inst-005292_v2  (1 tests)
  grid 1 (check_ld.py): inst-005337_v1 … inst-005337_v1  (1 tests)
  grid 1 (check_ld.py): inst-005338_v2 … inst-005338_v2  (1 tests)
  grid 1 (check_ld.py): inst-005340_v1 … inst-005340_v1  (1 tests)
  grid 1 (check_ld.py): inst-005350 … inst-005350  (1 tests)
  grid 1 (check_ld.py): inst-005352 … inst-005352  (1 tests)
  grid 1 (check_ld.py): inst-005402_v0 … inst-005402_v0  (1 tests)
  grid 1 (check_ld.py): inst-005408_v0 … inst-005408_v0  (1 tests)
  grid 1 (check_ld.py): inst-005411_v2 … inst-005411_v2  (1 tests)
  grid 1 (check_ld.py): inst-005463_v2 … inst-005463_v2  (1 tests)
  grid 1 (check_ld.py): inst-005530_v2 … inst-005530_v2  (1 tests)
  grid 1 (check_ld.py): inst-005584_v3 … inst-005584_v3  (1 tests)
  grid 1 (check_ld.py): inst-006072_v2 … inst-006072_v2  (1 tests)
  grid 1 (check_ld.py): inst-006180_v0 … inst-006180_v0  (1 tests)
  grid 1 (check_ld.py): inst-006333_v3 … inst-006333_v3  (1 tests)
  grid 1 (check_ld.py): inst-006340_v1 … inst-006340_v1  (1 tests)
  grid 1 (check_ld.py): inst-006350_v2 … inst-006350_v2  (1 tests)
  grid 1 (check_ld.py): inst-007372_v3 … inst-007372_v3  (1 tests)
  grid 1 (check_ld.py): inst-007374_v0 … inst-007374_v0  (1 tests)
  grid 1 (check_ld.py): inst-007392_v3 … inst-007392_v3  (1 tests)
  grid 1 (check_ld.py): inst-007395_v3 … inst-007395_v3  (1 tests)
  grid 1 (check_ld.py): inst-007427_v3 … inst-007427_v3  (1 tests)
  grid 1 (check_ld.py): inst-007618_v1 … inst-007618_v1  (1 tests)
  grid 1 (check_ld.py): inst-007627_v0 … inst-007627_v0  (1 tests)
  grid 1 (check_ld.py): inst-007724_v0 … inst-007724_v0  (1 tests)
  grid 1 (check_ld.py): inst-007848_v1 … inst-007848_v1  (1 tests)
  grid 1 (check_ld.py): inst-007851_v2 … inst-007851_v2  (1 tests)
  grid 1 (check_ld.py): inst-007867_v1 … inst-007867_v1  (1 tests)
  grid 1 (check_ld.py): inst-007900_v1 … inst-007900_v1  (1 tests)
  grid 1 (check_ld.py): inst-007925_v2 … inst-007925_v2  (1 tests)
  grid 1 (check_ld.py): inst-008017_v0 … inst-008017_v0  (1 tests)
  grid 1 (check_ld.py): inst-008026_v1 … inst-008026_v1  (1 tests)
  grid 1 (check_ld.py): inst-008086_v2 … inst-008086_v2  (1 tests)
  grid 1 (check_ld.py): inst-008169_v2 … inst-008169_v2  (1 tests)
  grid 1 (check_ld.py): inst-008174_v3 … inst-008174_v3  (1 tests)
  grid 1 (check_ld.py): inst-008286_v3 … inst-008286_v3  (1 tests)
  grid 1 (check_ld.py): inst-008320_v2 … inst-008320_v2  (1 tests)
  grid 1 (check_ld.py): inst-008353_v0 … inst-008353_v0  (1 tests)
  grid 1 (check_ld.py): inst-008380_v0 … inst-008380_v0  (1 tests)
  grid 1 (check_ld.py): inst-008404_v1 … inst-008404_v1  (1 tests)
  grid 1 (check_ld.py): inst-008507_v1 … inst-008507_v1  (1 tests)
  grid 1 (check_ld.py): inst-008582_v1 … inst-008582_v1  (1 tests)
  grid 1 (check_ld.py): inst-008652_v0 … inst-008652_v0  (1 tests)
  grid 1 (check_ld.py): inst-008653_v1 … inst-008653_v1  (1 tests)
  grid 1 (check_ld.py): inst-008674_v3 … inst-008674_v3  (1 tests)
  grid 1 (check_ld.py): inst-008709_v1 … inst-008709_v1  (1 tests)
  grid 1 (check_ld.py): inst-008738_v3 … inst-008738_v3  (1 tests)
  grid 1 (check_ld.py): inst-008754_v3 … inst-008754_v3  (1 tests)
  grid 1 (check_ld.py): inst-008765_v1 … inst-008765_v1  (1 tests)
  grid 1 (check_ld.py): inst-008773_v1 … inst-008773_v1  (1 tests)
  grid 1 (check_ld.py): inst-008798_v0 … inst-008798_v0  (1 tests)
  grid 1 (check_ld.py): inst-008802_v1 … inst-008802_v1  (1 tests)
  grid 1 (check_ld.py): inst-008811_v2 … inst-008811_v2  (1 tests)
  grid 1 (check_ld.py): inst-008817_v2 … inst-008817_v2  (1 tests)
  grid 1 (check_ld.py): inst-008888_v3 … inst-008888_v3  (1 tests)
  grid 1 (check_ld.py): inst-008994_v2 … inst-008994_v2  (1 tests)
  grid 1 (check_ld.py): inst-009007_v1 … inst-009007_v1  (1 tests)
  grid 1 (check_ld.py): inst-009037_v3 … inst-009037_v3  (1 tests)
  grid 1 (check_ld.py): inst-009043_v2 … inst-009043_v2  (1 tests)
  grid 1 (check_ld.py): inst-009097_v0 … inst-009097_v0  (1 tests)
  grid 1 (check_ld.py): inst-009132_v0 … inst-009132_v0  (1 tests)
  grid 1 (check_ld.py): inst-009250_v2 … inst-009250_v2  (1 tests)
  grid 1 (check_ld.py): inst-009257_v0 … inst-009257_v0  (1 tests)
  grid 1 (check_ld.py): inst-009296_v3 … inst-009296_v3  (1 tests)
  grid 1 (check_ld.py): inst-009363_v0 … inst-009363_v0  (1 tests)
  grid 1 (check_ld.py): inst-009427_v1 … inst-009427_v1  (1 tests)
  grid 1 (check_ld.py): inst-009434_v1 … inst-009434_v1  (1 tests)
  grid 1 (check_ld.py): inst-009474_v2 … inst-009474_v2  (1 tests)
  grid 1 (check_ld.py): inst-009475_v0 … inst-009475_v0  (1 tests)
  grid 1 (check_ld.py): inst-009475_v1 … inst-009475_v1  (1 tests)
  grid 1 (check_ld.py): inst-009544_v0 … inst-009544_v0  (1 tests)
  grid 1 (check_ld.py): inst-009552_v3 … inst-009552_v3  (1 tests)
  grid 1 (check_ld.py): inst-009664_v1 … inst-009664_v1  (1 tests)
  grid 1 (check_ld.py): inst-009769_v1 … inst-009769_v1  (1 tests)
  grid 1 (check_ld.py): inst-009795_v3 … inst-009795_v3  (1 tests)
  grid 1 (check_ld.py): inst-009817_v0 … inst-009817_v0  (1 tests)
  grid 1 (check_ld.py): inst-009820_v0 … inst-009820_v0  (1 tests)
  grid 1 (check_ld.py): inst-009827_v1 … inst-009827_v1  (1 tests)
  grid 1 (check_ld.py): inst-009831_v0 … inst-009831_v0  (1 tests)
  grid 1 (check_ld.py): inst-009838_v2 … inst-009838_v2  (1 tests)
  grid 1 (check_ld.py): inst-009840_v1 … inst-009840_v1  (1 tests)
  grid 1 (check_ld.py): inst-009843_v0 … inst-009843_v0  (1 tests)
  grid 1 (check_ld.py): inst-009848_v1 … inst-009848_v1  (1 tests)
  grid 1 (check_ld.py): inst-009882_v1 … inst-009882_v1  (1 tests)
  grid 1 (check_ld.py): inst-009969_v0 … inst-009969_v0  (1 tests)
  grid 1 (check_ld.py): inst-010004_v1 … inst-010004_v1  (1 tests)
  grid 1 (check_ld.py): inst-010004_v2 … inst-010004_v2  (1 tests)
  grid 1 (check_ld.py): inst-010035_v2 … inst-010035_v2  (1 tests)
  grid 1 (check_ld.py): inst-010037_v0 … inst-010037_v0  (1 tests)
  grid 1 (check_ld.py): inst-010089_v2 … inst-010089_v2  (1 tests)
  grid 1 (check_ld.py): inst-010130_v2 … inst-010130_v2  (1 tests)
  grid 1 (check_ld.py): inst-010136_v0 … inst-010136_v0  (1 tests)
  grid 1 (check_ld.py): inst-010159_v0 … inst-010159_v0  (1 tests)
  grid 1 (check_ld.py): inst-010181_v2 … inst-010181_v2  (1 tests)
  grid 1 (check_ld.py): inst-010268_v2 … inst-010268_v2  (1 tests)
  grid 1 (check_ld.py): inst-010274_v3 … inst-010274_v3  (1 tests)
  grid 1 (check_ld.py): inst-010321_v0 … inst-010321_v0  (1 tests)
  grid 1 (check_ld.py): inst-010426_v1 … inst-010426_v1  (1 tests)
  grid 1 (check_ld.py): inst-010450_v2 … inst-010450_v2  (1 tests)
  grid 1 (check_ld.py): inst-010475_v2 … inst-010475_v2  (1 tests)
  grid 1 (check_ld.py): inst-010625_v3 … inst-010625_v3  (1 tests)
  grid 1 (check_ld.py): inst-010777_v3 … inst-010777_v3  (1 tests)
  grid 1 (check_ld.py): inst-010818_v0 … inst-010818_v0  (1 tests)
  grid 1 (check_ld.py): inst-010869_v0 … inst-010869_v0  (1 tests)
  grid 1 (check_ld.py): inst-010906_v1 … inst-010906_v1  (1 tests)
  grid 1 (check_ld.py): inst-010949_v3 … inst-010949_v3  (1 tests)
  grid 1 (check_ld.py): inst-010998_v1 … inst-010998_v1  (1 tests)
  grid 1 (check_ld.py): inst-011098_v3 … inst-011098_v3  (1 tests)
  grid 1 (check_ld.py): inst-011106_v1 … inst-011106_v1  (1 tests)
  grid 1 (check_ld.py): inst-011111_v2 … inst-011111_v2  (1 tests)
  grid 1 (check_ld.py): inst-011113_v0 … inst-011113_v0  (1 tests)
  grid 1 (check_ld.py): inst-011151_v0 … inst-011151_v0  (1 tests)
  grid 1 (check_ld.py): inst-011158_v1 … inst-011158_v1  (1 tests)
  grid 1 (check_ld.py): inst-011235_v1 … inst-011235_v1  (1 tests)
  grid 1 (check_ld.py): inst-011278_v2 … inst-011278_v2  (1 tests)
  grid 1 (check_ld.py): inst-011402_v3 … inst-011402_v3  (1 tests)
  grid 1 (check_ld.py): inst-011597_v2 … inst-011597_v2  (1 tests)
  grid 1 (check_ld.py): inst-011599_v1 … inst-011599_v1  (1 tests)
  grid 1 (check_ld.py): inst-011823_v1 … inst-011823_v1  (1 tests)
  grid 1 (check_ld.py): inst-011947_v0 … inst-011947_v0  (1 tests)
  grid 1 (check_ld.py): inst-011982_v0 … inst-011982_v0  (1 tests)
  grid 1 (check_ld.py): inst-011982_v2 … inst-011982_v2  (1 tests)
  grid 1 (check_ld.py): inst-011997_v3 … inst-011997_v3  (1 tests)
  grid 1 (check_ld.py): inst-012068_v3 … inst-012068_v3  (1 tests)
  grid 1 (check_ld.py): inst-012069_v0 … inst-012069_v0  (1 tests)
  grid 1 (check_ld.py): inst-012164_v0 … inst-012164_v0  (1 tests)
  grid 1 (check_ld.py): inst-012247_v1 … inst-012247_v1  (1 tests)
  grid 1 (check_ld.py): inst-012256_v3 … inst-012256_v3  (1 tests)
  grid 1 (check_ld.py): inst-012307_v0 … inst-012307_v0  (1 tests)
  grid 1 (check_ld.py): inst-012365_v1 … inst-012365_v1  (1 tests)
  grid 1 (check_ld.py): inst-012377_v3 … inst-012377_v3  (1 tests)
  grid 1 (check_ld.py): inst-012402_v1 … inst-012402_v1  (1 tests)
  grid 1 (check_ld.py): inst-012434_v1 … inst-012434_v1  (1 tests)
  grid 1 (check_ld.py): inst-012483_v2 … inst-012483_v2  (1 tests)
  grid 1 (check_ld.py): inst-012578_v0 … inst-012578_v0  (1 tests)
  grid 1 (check_ld.py): inst-012582_v3 … inst-012582_v3  (1 tests)
  grid 1 (check_ld.py): inst-012640_v2 … inst-012640_v2  (1 tests)
  grid 1 (check_ld.py): inst-012668_v2 … inst-012668_v2  (1 tests)
  grid 1 (check_ld.py): inst-012672_v0 … inst-012672_v0  (1 tests)
  grid 1 (check_ld.py): inst-012700 … inst-012700  (1 tests)
  grid 1 (check_ld.py): inst-012703_v2 … inst-012703_v2  (1 tests)
  grid 1 (check_ld.py): inst-012708_v1 … inst-012708_v1  (1 tests)
  grid 1 (check_ld.py): inst-012788_v2 … inst-012788_v2  (1 tests)
  grid 1 (check_ld.py): inst-012959_v3 … inst-012959_v3  (1 tests)
  grid 1 (check_ld.py): inst-012999_v0 … inst-012999_v0  (1 tests)
  grid 1 (check_ld.py): inst-013002_v2 … inst-013002_v2  (1 tests)
  grid 1 (check_ld.py): inst-013081_v2 … inst-013081_v2  (1 tests)
  grid 1 (check_ld.py): inst-013083_v3 … inst-013083_v3  (1 tests)
  grid 1 (check_ld.py): inst-013097_v1 … inst-013097_v1  (1 tests)
  grid 1 (check_ld.py): inst-013119_v2 … inst-013119_v2  (1 tests)
  grid 1 (check_ld.py): inst-013146_v1 … inst-013146_v1  (1 tests)
  grid 1 (check_ld.py): inst-013190_v2 … inst-013190_v2  (1 tests)
  grid 1 (check_ld.py): inst-013210_v0 … inst-013210_v0  (1 tests)
  grid 1 (check_ld.py): inst-013219_v1 … inst-013219_v1  (1 tests)
  grid 1 (check_ld.py): inst-013271_v1 … inst-013271_v1  (1 tests)
  grid 1 (check_ld.py): inst-013306_v3 … inst-013306_v3  (1 tests)
  grid 1 (check_ld.py): inst-013323_v0 … inst-013323_v0  (1 tests)
  grid 1 (check_ld.py): inst-013430 … inst-013430  (1 tests)
  grid 1 (check_ld.py): inst-013446_v1 … inst-013446_v1  (1 tests)
  grid 1 (check_ld.py): inst-013482_v2 … inst-013482_v2  (1 tests)
  grid 1 (check_ld.py): inst-013489 … inst-013489  (1 tests)
  grid 1 (check_ld.py): inst-013510_v0 … inst-013510_v0  (1 tests)
  grid 1 (check_ld.py): inst-013900_v1 … inst-013900_v1  (1 tests)
  grid 1 (check_ld.py): inst-013912_v1 … inst-013912_v1  (1 tests)
  grid 1 (check_ld.py): inst-013984_v2 … inst-013984_v2  (1 tests)
  grid 1 (check_ld.py): inst-014108_v3 … inst-014108_v3  (1 tests)
  grid 1 (check_ld.py): inst-014210_v2 … inst-014210_v2  (1 tests)
  grid 1 (check_ld.py): inst-014228_v2 … inst-014228_v2  (1 tests)
  grid 1 (check_ld.py): inst-014229_v3 … inst-014229_v3  (1 tests)
  grid 1 (check_ld.py): inst-014233_v1 … inst-014233_v1  (1 tests)
  grid 1 (check_ld.py): inst-014260_v3 … inst-014260_v3  (1 tests)
  grid 1 (check_ld.py): inst-014261_v2 … inst-014261_v2  (1 tests)
  grid 1 (check_ld.py): inst-014287_v2 … inst-014287_v2  (1 tests)
  grid 1 (check_ld.py): inst-014293_v1 … inst-014293_v1  (1 tests)
  grid 1 (check_ld.py): inst-014309_v1 … inst-014309_v1  (1 tests)
  grid 1 (check_ld.py): inst-014341_v2 … inst-014341_v2  (1 tests)
  grid 1 (check_ld.py): inst-014353_v3 … inst-014353_v3  (1 tests)
  grid 1 (check_ld.py): inst-014380_v1 … inst-014380_v1  (1 tests)
  grid 1 (check_ld.py): inst-014400_v2 … inst-014400_v2  (1 tests)
  grid 1 (check_ld.py): inst-014405_v2 … inst-014405_v2  (1 tests)
  grid 1 (check_ld.py): inst-014464_v3 … inst-014464_v3  (1 tests)
  grid 1 (check_ld.py): inst-014494_v0 … inst-014494_v0  (1 tests)
  grid 1 (check_ld.py): inst-014520_v3 … inst-014520_v3  (1 tests)
  grid 1 (check_ld.py): inst-014609_v0 … inst-014609_v0  (1 tests)
  grid 1 (check_ld.py): inst-014619_v3 … inst-014619_v3  (1 tests)
  grid 1 (check_ld.py): inst-014675_v1 … inst-014675_v1  (1 tests)
  grid 1 (check_ld.py): inst-014686_v2 … inst-014686_v2  (1 tests)
  grid 1 (check_ld.py): inst-014738_v0 … inst-014738_v0  (1 tests)
  grid 1 (check_ld.py): inst-014738_v3 … inst-014738_v3  (1 tests)
  grid 1 (check_ld.py): inst-014879_v2 … inst-014879_v2  (1 tests)
  grid 1 (check_ld.py): inst-015007_v2 … inst-015007_v2  (1 tests)
  grid 1 (check_ld.py): inst-015009_v1 … inst-015009_v1  (1 tests)
  grid 1 (check_ld.py): inst-015034_v1 … inst-015034_v1  (1 tests)
  grid 1 (check_ld.py): inst-015036_v0 … inst-015036_v0  (1 tests)
  grid 1 (check_ld.py): inst-015050_v2 … inst-015050_v2  (1 tests)
  grid 1 (check_ld.py): inst-015057_v1 … inst-015057_v1  (1 tests)
  grid 1 (check_ld.py): inst-015068_v1 … inst-015068_v1  (1 tests)
  grid 1 (check_ld.py): inst-015098_v0 … inst-015098_v0  (1 tests)
  grid 1 (check_ld.py): inst-015118_v2 … inst-015118_v2  (1 tests)
  grid 1 (check_ld.py): inst-015119_v2 … inst-015119_v2  (1 tests)
  grid 1 (check_ld.py): inst-015175_v1 … inst-015175_v1  (1 tests)
  grid 1 (check_ld.py): inst-015177_v2 … inst-015177_v2  (1 tests)
  grid 1 (check_ld.py): inst-015274_v0 … inst-015274_v0  (1 tests)
  grid 1 (check_ld.py): inst-015280_v2 … inst-015280_v2  (1 tests)
  grid 1 (check_ld.py): inst-015285_v3 … inst-015285_v3  (1 tests)
  grid 1 (check_ld.py): inst-015365_v0 … inst-015365_v0  (1 tests)
  grid 1 (check_ld.py): inst-015426_v1 … inst-015426_v1  (1 tests)
  grid 1 (check_ld.py): inst-015490_v3 … inst-015490_v3  (1 tests)
  grid 1 (check_ld.py): inst-015491_v3 … inst-015491_v3  (1 tests)
  grid 1 (check_ld.py): inst-015652_v1 … inst-015652_v1  (1 tests)
  grid 1 (check_ld.py): inst-015660_v3 … inst-015660_v3  (1 tests)
  grid 1 (check_ld.py): inst-015707_v2 … inst-015707_v2  (1 tests)
  grid 1 (check_ld.py): inst-015713_v2 … inst-015713_v2  (1 tests)
  grid 1 (check_ld.py): inst-015721_v0 … inst-015721_v0  (1 tests)
  grid 1 (check_ld.py): inst-015969_v2 … inst-015969_v2  (1 tests)
  grid 1 (check_ld.py): inst-016017_v0 … inst-016017_v0  (1 tests)
  grid 1 (check_ld.py): inst-016085_v2 … inst-016085_v2  (1 tests)
  grid 1 (check_ld.py): inst-016128_v1 … inst-016128_v1  (1 tests)
  grid 1 (check_ld.py): inst-016267_v0 … inst-016267_v0  (1 tests)
  grid 1 (check_ld.py): inst-016670_v3 … inst-016670_v3  (1 tests)
  grid 1 (check_ld.py): inst-016720_v0 … inst-016720_v0  (1 tests)
  grid 1 (check_ld.py): inst-016742_v1 … inst-016742_v1  (1 tests)
  grid 1 (check_ld.py): inst-016811 … inst-016811  (1 tests)
  grid 1 (check_ld.py): inst-016833_v1 … inst-016833_v1  (1 tests)
  grid 1 (check_ld.py): inst-016857_v1 … inst-016857_v1  (1 tests)
  grid 1 (check_ld.py): inst-017246_v1 … inst-017246_v1  (1 tests)
  grid 1 (check_ld.py): inst-017340 … inst-017340  (1 tests)
  grid 1 (check_ld.py): inst-017363_v3 … inst-017363_v3  (1 tests)
  grid 1 (check_ld.py): inst-017365_v2 … inst-017365_v2  (1 tests)
  grid 1 (check_ld.py): inst-017437_v3 … inst-017437_v3  (1 tests)
  grid 1 (check_ld.py): inst-017561_v1 … inst-017561_v1  (1 tests)
  grid 1 (check_ld.py): inst-017578_v3 … inst-017578_v3  (1 tests)
  grid 1 (check_ld.py): inst-017586_v1 … inst-017586_v1  (1 tests)
  grid 1 (check_ld.py): inst-017639_v0 … inst-017639_v0  (1 tests)
  grid 1 (check_ld.py): inst-017651_v3 … inst-017651_v3  (1 tests)
  grid 1 (check_ld.py): inst-017673_v1 … inst-017673_v1  (1 tests)
  grid 1 (check_ld.py): inst-017681_v1 … inst-017681_v1  (1 tests)
  grid 1 (check_ld.py): inst-017755_v3 … inst-017755_v3  (1 tests)
  grid 1 (check_ld.py): inst-017900_v2 … inst-017900_v2  (1 tests)
  grid 1 (check_ld.py): inst-017948_v0 … inst-017948_v0  (1 tests)
  grid 1 (check_ld.py): inst-018019_v1 … inst-018019_v1  (1 tests)
  grid 1 (check_ld.py): inst-018089_v2 … inst-018089_v2  (1 tests)
  grid 1 (check_ld.py): inst-018316_v0 … inst-018316_v0  (1 tests)
  grid 1 (check_ld.py): inst-018318_v3 … inst-018318_v3  (1 tests)
  grid 1 (check_ld.py): inst-018441_v2 … inst-018441_v2  (1 tests)
  grid 1 (check_ld.py): inst-018522_v0 … inst-018522_v0  (1 tests)
  grid 1 (check_ld.py): inst-018528_v1 … inst-018528_v1  (1 tests)
  grid 1 (check_ld.py): inst-018537_v0 … inst-018537_v0  (1 tests)
  grid 1 (check_ld.py): inst-018590_v1 … inst-018590_v1  (1 tests)
  grid 1 (check_ld.py): inst-018805_v1 … inst-018805_v1  (1 tests)
  grid 1 (check_ld.py): inst-018813_v0 … inst-018813_v0  (1 tests)
  grid 1 (check_ld.py): inst-018820_v2 … inst-018820_v2  (1 tests)
  grid 1 (check_ld.py): inst-018821_v1 … inst-018821_v1  (1 tests)
  grid 1 (check_ld.py): inst-018855_v1 … inst-018855_v1  (1 tests)
  grid 1 (check_ld.py): inst-018890_v3 … inst-018890_v3  (1 tests)
  grid 1 (check_ld.py): inst-022267 … inst-022267  (1 tests)
  grid 1 (check_ld.py): inst-022527 … inst-022527  (1 tests)
  grid 1 (check_ld.py): inst-023258 … inst-023258  (1 tests)
  grid 1 (check_ld.py): inst-023275 … inst-023275  (1 tests)
  grid 1 (check_ld.py): inst-023381 … inst-023381  (1 tests)
  grid 1 (check_ld.py): inst-023697 … inst-023697  (1 tests)
  grid 1 (check_ld.py): inst-023700 … inst-023700  (1 tests)
  grid 1 (check_ld.py): inst-028153 … inst-028153  (1 tests)
  grid 1 (check_ld.py): inst-028162 … inst-028162  (1 tests)
  grid 1 (check_ld.py): inst-028185 … inst-028185  (1 tests)
  grid 1 (check_ld.py): inst-028187 … inst-028187  (1 tests)
  grid 1 (check_ld.py): inst-028265 … inst-028265  (1 tests)
  grid 1 (check_ld.py): inst-028271 … inst-028271  (1 tests)
  grid 1 (check_ld.py): inst-028539 … inst-028539  (1 tests)
  grid 1 (check_ld.py): inst-028541 … inst-028541  (1 tests)
  grid 1 (check_ld.py): inst-028574 … inst-028574  (1 tests)
  grid 1 (check_ld.py): inst-029119 … inst-029119  (1 tests)
  grid 1 (check_ld.py): inst-033536 … inst-033536  (1 tests)
  grid 1 (check_ld.py): inst-033565 … inst-033565  (1 tests)
  grid 1 (check_ld.py): inst-033615 … inst-033615  (1 tests)
  grid 1 (check_ld.py): inst-033646 … inst-033646  (1 tests)
  grid 1 (check_ld.py): inst-033759 … inst-033759  (1 tests)
  grid 1 (check_ld.py): inst-033807 … inst-033807  (1 tests)
  grid 1 (check_ld.py): inst-033811 … inst-033811  (1 tests)
  grid 1 (check_ld.py): inst-034024 … inst-034024  (1 tests)
  grid 1 (check_ld.py): inst-034031 … inst-034031  (1 tests)
  grid 1 (check_ld.py): inst-034094 … inst-034094  (1 tests)
  grid 1 (check_ld.py): inst-034120 … inst-034120  (1 tests)
  grid 1 (check_ld.py): inst-034157 … inst-034157  (1 tests)
  grid 1 (check_ld.py): inst-034198 … inst-034198  (1 tests)
  grid 1 (check_ld.py): inst-034952 … inst-034952  (1 tests)
  grid 1 (check_ld.py): inst-034968 … inst-034968  (1 tests)
  grid 1 (check_ld.py): inst-035029 … inst-035029  (1 tests)
  grid 1 (check_ld.py): inst-035120 … inst-035120  (1 tests)
  grid 1 (check_ld.py): inst-035156 … inst-035156  (1 tests)
  grid 1 (check_ld.py): inst-035303 … inst-035303  (1 tests)
  grid 1 (check_ld.py): inst-035412 … inst-035412  (1 tests)
  grid 1 (check_ld.py): inst-035423 … inst-035423  (1 tests)
  grid 1 (check_ld.py): inst-035455 … inst-035455  (1 tests)
  grid 1 (check_ld.py): inst-035458 … inst-035458  (1 tests)
  grid 1 (check_ld.py): inst-035511 … inst-035511  (1 tests)
  grid 1 (check_ld.py): inst-046191 … inst-046191  (1 tests)
  grid 1 (check_ld.py): inst-046211 … inst-046211  (1 tests)
  grid 1 (check_ld.py): inst-046223 … inst-046223  (1 tests)
  grid 1 (check_ld.py): inst-046230 … inst-046230  (1 tests)
  grid 1 (check_ld.py): inst-046237 … inst-046237  (1 tests)
  grid 1 (check_ld.py): inst-046238 … inst-046238  (1 tests)
  grid 1 (check_ld.py): inst-047207 … inst-047207  (1 tests)
  grid 1 (check_ld.py): inst-047214 … inst-047214  (1 tests)
  grid 1 (check_ld.py): inst-047216 … inst-047216  (1 tests)
  grid 1 (check_ld.py): inst-047218 … inst-047218  (1 tests)
  grid 1 (check_ld.py): inst-047224 … inst-047224  (1 tests)
  grid 1 (check_ld.py): inst-047235 … inst-047235  (1 tests)
  grid 1 (check_ld.py): inst-047238 … inst-047238  (1 tests)
  grid 1 (check_ld.py): inst-047245 … inst-047245  (1 tests)
  grid 1 (check_ld.py): inst-047249 … inst-047249  (1 tests)
  grid 1 (check_ld.py): inst-047259 … inst-047259  (1 tests)
  grid 1 (check_ld.py): inst-047261 … inst-047261  (1 tests)
  grid 1 (check_ld.py): inst-047266 … inst-047266  (1 tests)
  grid 1 (check_ld.py): inst-047271 … inst-047271  (1 tests)
  grid 1 (check_ld.py): inst-047275 … inst-047275  (1 tests)
  grid 1 (check_ld.py): inst-047276 … inst-047276  (1 tests)
  grid 1 (check_ld.py): inst-047279 … inst-047279  (1 tests)
  grid 1 (check_ld.py): inst-047282 … inst-047282  (1 tests)
  grid 1 (check_ld.py): inst-047284 … inst-047284  (1 tests)
  grid 1 (check_ld.py): inst-047291 … inst-047291  (1 tests)
  grid 1 (check_ld.py): inst-047305 … inst-047305  (1 tests)
  grid 1 (check_ld.py): inst-047309 … inst-047309  (1 tests)
  grid 1 (check_ld.py): inst-047316 … inst-047316  (1 tests)
  grid 1 (check_ld.py): inst-047351 … inst-047351  (1 tests)
  grid 1 (check_ld.py): inst-047355 … inst-047355  (1 tests)
  grid 1 (check_ld.py): inst-047370 … inst-047370  (1 tests)
  grid 1 (check_ld.py): inst-047386 … inst-047386  (1 tests)
  grid 1 (check_ld.py): inst-047387 … inst-047387  (1 tests)
  grid 1 (check_ld.py): inst-047394 … inst-047394  (1 tests)
  grid 1 (check_ld.py): inst-047401 … inst-047401  (1 tests)
  grid 1 (check_ld.py): inst-047412 … inst-047412  (1 tests)
  grid 1 (check_ld.py): inst-047417 … inst-047417  (1 tests)
  grid 1 (check_ld.py): inst-047420 … inst-047420  (1 tests)
  grid 1 (check_ld.py): inst-047424 … inst-047424  (1 tests)
  grid 1 (check_ld.py): inst-047425 … inst-047425  (1 tests)
  grid 1 (check_ld.py): inst-047447 … inst-047447  (1 tests)
  grid 1 (check_ld.py): inst-047465 … inst-047465  (1 tests)
  grid 1 (check_ld.py): inst-047472 … inst-047472  (1 tests)
  grid 1 (check_ld.py): inst-047491 … inst-047491  (1 tests)
  grid 1 (check_ld.py): inst-048328 … inst-048328  (1 tests)
  grid 1 (check_ld.py): inst-048330 … inst-048330  (1 tests)
  grid 1 (check_ld.py): inst-048336 … inst-048336  (1 tests)
  grid 1 (check_ld.py): inst-048345 … inst-048345  (1 tests)
  grid 1 (check_ld.py): inst-048349 … inst-048349  (1 tests)
  grid 1 (check_ld.py): inst-048351 … inst-048351  (1 tests)
  grid 1 (check_ld.py): inst-048355 … inst-048355  (1 tests)
  grid 1 (check_ld.py): inst-048358 … inst-048358  (1 tests)
  grid 1 (check_ld.py): inst-048363 … inst-048363  (1 tests)
  grid 1 (check_ld.py): inst-048369 … inst-048369  (1 tests)
  grid 1 (check_ld.py): inst-048381 … inst-048381  (1 tests)
  grid 1 (check_ld.py): inst-048391 … inst-048391  (1 tests)
  grid 1 (check_ld.py): inst-048392 … inst-048392  (1 tests)
  grid 1 (check_ld.py): inst-048399 … inst-048399  (1 tests)
  grid 1 (check_ld.py): inst-048401 … inst-048401  (1 tests)
  grid 1 (check_ld.py): inst-048402 … inst-048402  (1 tests)
  grid 1 (check_ld.py): inst-048421 … inst-048421  (1 tests)
  grid 1 (check_ld.py): inst-048425 … inst-048425  (1 tests)
  grid 1 (check_ld.py): inst-048428 … inst-048428  (1 tests)
  grid 1 (check_ld.py): inst-048429 … inst-048429  (1 tests)
  grid 1 (check_ld.py): inst-048437 … inst-048437  (1 tests)
  grid 1 (check_ld.py): inst-048439 … inst-048439  (1 tests)
  grid 1 (check_ld.py): inst-049042 … inst-049042  (1 tests)
  grid 1 (check_ld.py): inst-049049 … inst-049049  (1 tests)
  grid 1 (check_ld.py): inst-049053 … inst-049053  (1 tests)
  grid 1 (check_ld.py): inst-049055 … inst-049055  (1 tests)
  grid 1 (check_ld.py): inst-049058 … inst-049058  (1 tests)
  grid 1 (check_ld.py): inst-049061 … inst-049061  (1 tests)
  grid 1 (check_ld.py): inst-049065 … inst-049065  (1 tests)
  grid 1 (check_ld.py): inst-049066 … inst-049066  (1 tests)
  grid 1 (check_ld.py): inst-049077 … inst-049077  (1 tests)
  grid 1 (check_ld.py): inst-049084 … inst-049084  (1 tests)
  grid 1 (check_ld.py): inst-049086 … inst-049086  (1 tests)
  grid 1 (check_ld.py): inst-049092 … inst-049092  (1 tests)
  grid 1 (check_ld.py): inst-049093 … inst-049093  (1 tests)
  grid 1 (check_ld.py): inst-049095 … inst-049095  (1 tests)
  grid 1 (check_ld.py): inst-049096 … inst-049096  (1 tests)
  grid 1 (check_ld.py): inst-049099 … inst-049099  (1 tests)
  grid 1 (check_ld.py): inst-049113 … inst-049113  (1 tests)
  grid 1 (check_ld.py): inst-049115 … inst-049115  (1 tests)
  grid 1 (check_ld.py): inst-049117 … inst-049117  (1 tests)
  grid 1 (check_ld.py): inst-049120 … inst-049120  (1 tests)
  grid 1 (check_ld.py): inst-049121 … inst-049121  (1 tests)
  grid 1 (check_ld.py): inst-049123 … inst-049123  (1 tests)
  grid 1 (check_ld.py): inst-049125 … inst-049125  (1 tests)
  grid 1 (check_ld.py): inst-049128 … inst-049128  (1 tests)
  grid 1 (check_ld.py): inst-049131 … inst-049131  (1 tests)
  grid 1 (check_ld.py): inst-049132 … inst-049132  (1 tests)
  grid 1 (check_ld.py): inst-049422 … inst-049422  (1 tests)
  grid 1 (check_ld.py): inst-049434 … inst-049434  (1 tests)
  grid 1 (check_ld.py): inst-049438 … inst-049438  (1 tests)
  grid 1 (check_ld.py): inst-049442 … inst-049442  (1 tests)
  grid 1 (check_ld.py): inst-049452 … inst-049452  (1 tests)
  grid 1 (check_ld.py): inst-049460 … inst-049460  (1 tests)
  grid 1 (check_ld.py): inst-049462 … inst-049462  (1 tests)
  grid 1 (check_ld.py): inst-049463 … inst-049463  (1 tests)
  grid 1 (check_ld.py): inst-049468 … inst-049468  (1 tests)
  grid 1 (check_ld.py): inst-049484 … inst-049484  (1 tests)
  grid 1 (check_ld.py): inst-049501 … inst-049501  (1 tests)
  grid 1 (check_ld.py): inst-049519 … inst-049519  (1 tests)
  grid 1 (check_ld.py): inst-049524 … inst-049524  (1 tests)
  grid 1 (check_ld.py): inst-049527 … inst-049527  (1 tests)
  grid 1 (check_ld.py): inst-049528 … inst-049528  (1 tests)
  grid 1 (check_ld.py): inst-049529 … inst-049529  (1 tests)
  grid 1 (check_ld.py): inst-049531 … inst-049531  (1 tests)
  grid 1 (check_ld.py): inst-049538 … inst-049538  (1 tests)
  grid 1 (check_ld.py): inst-049540 … inst-049540  (1 tests)
  grid 1 (check_ld.py): inst-049557 … inst-049557  (1 tests)
  grid 1 (check_ld.py): inst-049563 … inst-049563  (1 tests)
  grid 1 (check_ld.py): inst-049564 … inst-049564  (1 tests)
  grid 1 (check_ld.py): inst-049596 … inst-049596  (1 tests)
  grid 1 (check_ld.py): inst-049604 … inst-049604  (1 tests)
  grid 1 (check_ld.py): inst-049611 … inst-049611  (1 tests)
  grid 1 (check_ld.py): inst-049614 … inst-049614  (1 tests)
  grid 1 (check_ld.py): inst-049617 … inst-049617  (1 tests)
  grid 1 (check_ld.py): inst-049622 … inst-049622  (1 tests)
  grid 1 (check_ld.py): inst-049624 … inst-049624  (1 tests)
  grid 1 (check_ld.py): inst-049629 … inst-049629  (1 tests)
  grid 1 (check_ld.py): inst-049631 … inst-049631  (1 tests)
  grid 1 (check_ld.py): inst-049655 … inst-049655  (1 tests)
  grid 1 (check_ld.py): inst-049921 … inst-049921  (1 tests)
  grid 1 (check_ld.py): inst-050206 … inst-050206  (1 tests)
  grid 1 (check_ld.py): inst-050207 … inst-050207  (1 tests)
  grid 1 (check_ld.py): inst-050212 … inst-050212  (1 tests)
  grid 1 (check_ld.py): inst-050215 … inst-050215  (1 tests)
  grid 1 (check_ld.py): inst-050218 … inst-050218  (1 tests)
  grid 1 (check_ld.py): inst-052862 … inst-052862  (1 tests)
  grid 1 (check_ld.py): inst-052868 … inst-052868  (1 tests)
  grid 1 (check_ld.py): inst-052871 … inst-052871  (1 tests)
  grid 1 (check_ld.py): inst-052872 … inst-052872  (1 tests)
  grid 1 (check_ld.py): inst-052873 … inst-052873  (1 tests)
  grid 1 (check_ld.py): inst-052875 … inst-052875  (1 tests)
  grid 1 (check_ld.py): inst-052879 … inst-052879  (1 tests)
  grid 1 (check_ld.py): inst-052882 … inst-052882  (1 tests)
  grid 1 (check_ld.py): inst-052887 … inst-052887  (1 tests)
  grid 1 (check_ld.py): inst-052892 … inst-052892  (1 tests)
  grid 1 (check_ld.py): inst-052896 … inst-052896  (1 tests)
  grid 1 (check_ld.py): inst-052904 … inst-052904  (1 tests)
  grid 1 (check_ld.py): inst-052907 … inst-052907  (1 tests)
  grid 1 (check_ld.py): inst-053883 … inst-053883  (1 tests)
  grid 1 (check_ld.py): inst-053887 … inst-053887  (1 tests)
  grid 1 (check_ld.py): inst-053890 … inst-053890  (1 tests)
  grid 1 (check_ld.py): inst-053893 … inst-053893  (1 tests)
  grid 1 (check_ld.py): inst-053894 … inst-053894  (1 tests)
  grid 1 (check_ld.py): inst-053923 … inst-053923  (1 tests)
  grid 1 (check_ld.py): inst-053924 … inst-053924  (1 tests)
  grid 1 (check_ld.py): inst-053941 … inst-053941  (1 tests)
  grid 1 (check_ld.py): inst-053944 … inst-053944  (1 tests)
  grid 1 (check_ld.py): inst-053953 … inst-053953  (1 tests)
  grid 1 (check_ld.py): inst-053962 … inst-053962  (1 tests)
  grid 1 (check_ld.py): inst-053963 … inst-053963  (1 tests)
  grid 2 (check_ld.py): inst-000073_v2 … inst-000073_v2  (1 tests)
  grid 2 (check_ld.py): inst-000114_v3 … inst-000114_v3  (1 tests)
  grid 2 (check_ld.py): inst-000214_v0 … inst-000214_v0  (1 tests)
  grid 2 (check_ld.py): inst-000306_v0 … inst-000306_v0  (1 tests)
  grid 2 (check_ld.py): inst-000322_v1 … inst-000322_v1  (1 tests)
  grid 2 (check_ld.py): inst-000392 … inst-000392  (1 tests)
  grid 2 (check_ld.py): inst-000463_v0 … inst-000463_v0  (1 tests)
  grid 2 (check_ld.py): inst-000486_v0 … inst-000486_v0  (1 tests)
  grid 2 (check_ld.py): inst-000593_v1 … inst-000593_v1  (1 tests)
  grid 2 (check_ld.py): inst-000596_v3 … inst-000596_v3  (1 tests)
  grid 2 (check_ld.py): inst-000633_v0 … inst-000633_v0  (1 tests)
  grid 2 (check_ld.py): inst-000847_v0 … inst-000847_v0  (1 tests)
  grid 2 (check_ld.py): inst-000895_v2 … inst-000895_v2  (1 tests)
  grid 2 (check_ld.py): inst-000954_v0 … inst-000954_v0  (1 tests)
  grid 2 (check_ld.py): inst-000964_v1 … inst-000964_v1  (1 tests)
  grid 2 (check_ld.py): inst-000996_v3 … inst-000996_v3  (1 tests)
  grid 2 (check_ld.py): inst-001051_v2 … inst-001051_v2  (1 tests)
  grid 2 (check_ld.py): inst-001070_v1 … inst-001070_v1  (1 tests)
  grid 2 (check_ld.py): inst-001263_v1 … inst-001263_v1  (1 tests)
  grid 2 (check_ld.py): inst-001310_v2 … inst-001310_v2  (1 tests)
  grid 2 (check_ld.py): inst-001311_v0 … inst-001311_v0  (1 tests)
  grid 2 (check_ld.py): inst-001319_v3 … inst-001319_v3  (1 tests)
  grid 2 (check_ld.py): inst-001328_v1 … inst-001328_v1  (1 tests)
  grid 2 (check_ld.py): inst-001365_v3 … inst-001365_v3  (1 tests)
  grid 2 (check_ld.py): inst-001375_v1 … inst-001375_v1  (1 tests)
  grid 2 (check_ld.py): inst-001381_v2 … inst-001381_v2  (1 tests)
  grid 2 (check_ld.py): inst-001471_v2 … inst-001471_v2  (1 tests)
  grid 2 (check_ld.py): inst-001613_v0 … inst-001613_v0  (1 tests)
  grid 2 (check_ld.py): inst-001791 … inst-001791  (1 tests)
  grid 2 (check_ld.py): inst-001804_v2 … inst-001804_v2  (1 tests)
  grid 2 (check_ld.py): inst-001805_v0 … inst-001805_v0  (1 tests)
  grid 2 (check_ld.py): inst-001919_v2 … inst-001919_v2  (1 tests)
  grid 2 (check_ld.py): inst-002020_v2 … inst-002020_v2  (1 tests)
  grid 2 (check_ld.py): inst-002046_v1 … inst-002046_v1  (1 tests)
  grid 2 (check_ld.py): inst-002082 … inst-002082  (1 tests)
  grid 2 (check_ld.py): inst-002321_v2 … inst-002321_v2  (1 tests)
  grid 2 (check_ld.py): inst-002373_v2 … inst-002373_v2  (1 tests)
  grid 2 (check_ld.py): inst-002759_v2 … inst-002759_v2  (1 tests)
  grid 2 (check_ld.py): inst-002761_v0 … inst-002761_v0  (1 tests)
  grid 2 (check_ld.py): inst-002801_v2 … inst-002801_v2  (1 tests)
  grid 2 (check_ld.py): inst-002867_v0 … inst-002867_v0  (1 tests)
  grid 2 (check_ld.py): inst-002881_v0 … inst-002881_v0  (1 tests)
  grid 2 (check_ld.py): inst-002910_v3 … inst-002910_v3  (1 tests)
  grid 2 (check_ld.py): inst-002966_v3 … inst-002966_v3  (1 tests)
  grid 2 (check_ld.py): inst-002981_v2 … inst-002981_v2  (1 tests)
  grid 2 (check_ld.py): inst-002998_v3 … inst-002998_v3  (1 tests)
  grid 2 (check_ld.py): inst-003051_v3 … inst-003051_v3  (1 tests)
  grid 2 (check_ld.py): inst-003236_v2 … inst-003236_v2  (1 tests)
  grid 2 (check_ld.py): inst-003287_v1 … inst-003287_v1  (1 tests)
  grid 2 (check_ld.py): inst-003335_v2 … inst-003335_v2  (1 tests)
  grid 2 (check_ld.py): inst-003340_v3 … inst-003340_v3  (1 tests)
  grid 2 (check_ld.py): inst-003576_v3 … inst-003576_v3  (1 tests)
  grid 2 (check_ld.py): inst-003616_v2 … inst-003616_v2  (1 tests)
  grid 2 (check_ld.py): inst-003890 … inst-003890  (1 tests)
  grid 2 (check_ld.py): inst-003895_v1 … inst-003895_v1  (1 tests)
  grid 2 (check_ld.py): inst-003896_v2 … inst-003896_v2  (1 tests)
  grid 2 (check_ld.py): inst-003907_v1 … inst-003907_v1  (1 tests)
  grid 2 (check_ld.py): inst-003918_v3 … inst-003918_v3  (1 tests)
  grid 2 (check_ld.py): inst-003963 … inst-003963  (1 tests)
  grid 2 (check_ld.py): inst-003969_v1 … inst-003969_v1  (1 tests)
  grid 2 (check_ld.py): inst-003973 … inst-003973  (1 tests)
  grid 2 (check_ld.py): inst-003975 … inst-003975  (1 tests)
  grid 2 (check_ld.py): inst-003976 … inst-003976  (1 tests)
  grid 2 (check_ld.py): inst-004087_v2 … inst-004087_v2  (1 tests)
  grid 2 (check_ld.py): inst-004182_v0 … inst-004182_v0  (1 tests)
  grid 2 (check_ld.py): inst-004259_v3 … inst-004259_v3  (1 tests)
  grid 2 (check_ld.py): inst-004366_v1 … inst-004366_v1  (1 tests)
  grid 2 (check_ld.py): inst-004418_v0 … inst-004418_v0  (1 tests)
  grid 2 (check_ld.py): inst-004418_v3 … inst-004418_v3  (1 tests)
  grid 2 (check_ld.py): inst-004552_v2 … inst-004552_v2  (1 tests)
  grid 2 (check_ld.py): inst-004556_v1 … inst-004556_v1  (1 tests)
  grid 2 (check_ld.py): inst-004617_v2 … inst-004617_v2  (1 tests)
  grid 2 (check_ld.py): inst-004668_v1 … inst-004668_v1  (1 tests)
  grid 2 (check_ld.py): inst-004747_v3 … inst-004747_v3  (1 tests)
  grid 2 (check_ld.py): inst-004795_v0 … inst-004795_v0  (1 tests)
  grid 2 (check_ld.py): inst-004858_v1 … inst-004858_v1  (1 tests)
  grid 2 (check_ld.py): inst-004863_v2 … inst-004863_v2  (1 tests)
  grid 2 (check_ld.py): inst-005194_v1 … inst-005194_v1  (1 tests)
  grid 2 (check_ld.py): inst-005258_v3 … inst-005258_v3  (1 tests)
  grid 2 (check_ld.py): inst-005274 … inst-005274  (1 tests)
  grid 2 (check_ld.py): inst-005276 … inst-005276  (1 tests)
  grid 2 (check_ld.py): inst-005277 … inst-005277  (1 tests)
  grid 2 (check_ld.py): inst-005283 … inst-005283  (1 tests)
  grid 2 (check_ld.py): inst-005286_v0 … inst-005286_v0  (1 tests)
  grid 2 (check_ld.py): inst-005292_v2 … inst-005292_v2  (1 tests)
  grid 2 (check_ld.py): inst-005337_v1 … inst-005337_v1  (1 tests)
  grid 2 (check_ld.py): inst-005338_v2 … inst-005338_v2  (1 tests)
  grid 2 (check_ld.py): inst-005340_v1 … inst-005340_v1  (1 tests)
  grid 2 (check_ld.py): inst-005350 … inst-005350  (1 tests)
  grid 2 (check_ld.py): inst-005352 … inst-005352  (1 tests)
  grid 2 (check_ld.py): inst-005402_v0 … inst-005402_v0  (1 tests)
  grid 2 (check_ld.py): inst-005408_v0 … inst-005408_v0  (1 tests)
  grid 2 (check_ld.py): inst-005411_v2 … inst-005411_v2  (1 tests)
  grid 2 (check_ld.py): inst-005463_v2 … inst-005463_v2  (1 tests)
  grid 2 (check_ld.py): inst-005530_v2 … inst-005530_v2  (1 tests)
  grid 2 (check_ld.py): inst-005584_v3 … inst-005584_v3  (1 tests)
  grid 2 (check_ld.py): inst-006072_v2 … inst-006072_v2  (1 tests)
  grid 2 (check_ld.py): inst-006180_v0 … inst-006180_v0  (1 tests)
  grid 2 (check_ld.py): inst-006333_v3 … inst-006333_v3  (1 tests)
  grid 2 (check_ld.py): inst-006340_v1 … inst-006340_v1  (1 tests)
  grid 2 (check_ld.py): inst-006350_v2 … inst-006350_v2  (1 tests)
  grid 2 (check_ld.py): inst-007372_v3 … inst-007372_v3  (1 tests)
  grid 2 (check_ld.py): inst-007374_v0 … inst-007374_v0  (1 tests)
  grid 2 (check_ld.py): inst-007392_v3 … inst-007392_v3  (1 tests)
  grid 2 (check_ld.py): inst-007395_v3 … inst-007395_v3  (1 tests)
  grid 2 (check_ld.py): inst-007427_v3 … inst-007427_v3  (1 tests)
  grid 2 (check_ld.py): inst-007618_v1 … inst-007618_v1  (1 tests)
  grid 2 (check_ld.py): inst-007627_v0 … inst-007627_v0  (1 tests)
  grid 2 (check_ld.py): inst-007724_v0 … inst-007724_v0  (1 tests)
  grid 2 (check_ld.py): inst-007848_v1 … inst-007848_v1  (1 tests)
  grid 2 (check_ld.py): inst-007851_v2 … inst-007851_v2  (1 tests)
  grid 2 (check_ld.py): inst-007867_v1 … inst-007867_v1  (1 tests)
  grid 2 (check_ld.py): inst-007900_v1 … inst-007900_v1  (1 tests)
  grid 2 (check_ld.py): inst-007925_v2 … inst-007925_v2  (1 tests)
  grid 2 (check_ld.py): inst-008017_v0 … inst-008017_v0  (1 tests)
  grid 2 (check_ld.py): inst-008026_v1 … inst-008026_v1  (1 tests)
  grid 2 (check_ld.py): inst-008086_v2 … inst-008086_v2  (1 tests)
  grid 2 (check_ld.py): inst-008169_v2 … inst-008169_v2  (1 tests)
  grid 2 (check_ld.py): inst-008174_v3 … inst-008174_v3  (1 tests)
  grid 2 (check_ld.py): inst-008286_v3 … inst-008286_v3  (1 tests)
  grid 2 (check_ld.py): inst-008320_v2 … inst-008320_v2  (1 tests)
  grid 2 (check_ld.py): inst-008353_v0 … inst-008353_v0  (1 tests)
  grid 2 (check_ld.py): inst-008380_v0 … inst-008380_v0  (1 tests)
  grid 2 (check_ld.py): inst-008404_v1 … inst-008404_v1  (1 tests)
  grid 2 (check_ld.py): inst-008507_v1 … inst-008507_v1  (1 tests)
  grid 2 (check_ld.py): inst-008582_v1 … inst-008582_v1  (1 tests)
  grid 2 (check_ld.py): inst-008652_v0 … inst-008652_v0  (1 tests)
  grid 2 (check_ld.py): inst-008653_v1 … inst-008653_v1  (1 tests)
  grid 2 (check_ld.py): inst-008674_v3 … inst-008674_v3  (1 tests)
  grid 2 (check_ld.py): inst-008709_v1 … inst-008709_v1  (1 tests)
  grid 2 (check_ld.py): inst-008738_v3 … inst-008738_v3  (1 tests)
  grid 2 (check_ld.py): inst-008754_v3 … inst-008754_v3  (1 tests)
  grid 2 (check_ld.py): inst-008765_v1 … inst-008765_v1  (1 tests)
  grid 2 (check_ld.py): inst-008773_v1 … inst-008773_v1  (1 tests)
  grid 2 (check_ld.py): inst-008798_v0 … inst-008798_v0  (1 tests)
  grid 2 (check_ld.py): inst-008802_v1 … inst-008802_v1  (1 tests)
  grid 2 (check_ld.py): inst-008811_v2 … inst-008811_v2  (1 tests)
  grid 2 (check_ld.py): inst-008817_v2 … inst-008817_v2  (1 tests)
  grid 2 (check_ld.py): inst-008888_v3 … inst-008888_v3  (1 tests)
  grid 2 (check_ld.py): inst-008994_v2 … inst-008994_v2  (1 tests)
  grid 2 (check_ld.py): inst-009007_v1 … inst-009007_v1  (1 tests)
  grid 2 (check_ld.py): inst-009037_v3 … inst-009037_v3  (1 tests)
  grid 2 (check_ld.py): inst-009043_v2 … inst-009043_v2  (1 tests)
  grid 2 (check_ld.py): inst-009097_v0 … inst-009097_v0  (1 tests)
  grid 2 (check_ld.py): inst-009132_v0 … inst-009132_v0  (1 tests)
  grid 2 (check_ld.py): inst-009250_v2 … inst-009250_v2  (1 tests)
  grid 2 (check_ld.py): inst-009257_v0 … inst-009257_v0  (1 tests)
  grid 2 (check_ld.py): inst-009296_v3 … inst-009296_v3  (1 tests)
  grid 2 (check_ld.py): inst-009363_v0 … inst-009363_v0  (1 tests)
  grid 2 (check_ld.py): inst-009427_v1 … inst-009427_v1  (1 tests)
  grid 2 (check_ld.py): inst-009434_v1 … inst-009434_v1  (1 tests)
  grid 2 (check_ld.py): inst-009474_v2 … inst-009474_v2  (1 tests)
  grid 2 (check_ld.py): inst-009475_v0 … inst-009475_v0  (1 tests)
  grid 2 (check_ld.py): inst-009475_v1 … inst-009475_v1  (1 tests)
  grid 2 (check_ld.py): inst-009544_v0 … inst-009544_v0  (1 tests)
  grid 2 (check_ld.py): inst-009552_v3 … inst-009552_v3  (1 tests)
  grid 2 (check_ld.py): inst-009664_v1 … inst-009664_v1  (1 tests)
  grid 2 (check_ld.py): inst-009769_v1 … inst-009769_v1  (1 tests)
  grid 2 (check_ld.py): inst-009795_v3 … inst-009795_v3  (1 tests)
  grid 2 (check_ld.py): inst-009817_v0 … inst-009817_v0  (1 tests)
  grid 2 (check_ld.py): inst-009820_v0 … inst-009820_v0  (1 tests)
  grid 2 (check_ld.py): inst-009827_v1 … inst-009827_v1  (1 tests)
  grid 2 (check_ld.py): inst-009831_v0 … inst-009831_v0  (1 tests)
  grid 2 (check_ld.py): inst-009838_v2 … inst-009838_v2  (1 tests)
  grid 2 (check_ld.py): inst-009840_v1 … inst-009840_v1  (1 tests)
  grid 2 (check_ld.py): inst-009843_v0 … inst-009843_v0  (1 tests)
  grid 2 (check_ld.py): inst-009848_v1 … inst-009848_v1  (1 tests)
  grid 2 (check_ld.py): inst-009882_v1 … inst-009882_v1  (1 tests)
  grid 2 (check_ld.py): inst-009969_v0 … inst-009969_v0  (1 tests)
  grid 2 (check_ld.py): inst-010004_v1 … inst-010004_v1  (1 tests)
  grid 2 (check_ld.py): inst-010004_v2 … inst-010004_v2  (1 tests)
  grid 2 (check_ld.py): inst-010035_v2 … inst-010035_v2  (1 tests)
  grid 2 (check_ld.py): inst-010037_v0 … inst-010037_v0  (1 tests)
  grid 2 (check_ld.py): inst-010089_v2 … inst-010089_v2  (1 tests)
  grid 2 (check_ld.py): inst-010130_v2 … inst-010130_v2  (1 tests)
  grid 2 (check_ld.py): inst-010136_v0 … inst-010136_v0  (1 tests)
  grid 2 (check_ld.py): inst-010159_v0 … inst-010159_v0  (1 tests)
  grid 2 (check_ld.py): inst-010181_v2 … inst-010181_v2  (1 tests)
  grid 2 (check_ld.py): inst-010268_v2 … inst-010268_v2  (1 tests)
  grid 2 (check_ld.py): inst-010274_v3 … inst-010274_v3  (1 tests)
  grid 2 (check_ld.py): inst-010321_v0 … inst-010321_v0  (1 tests)
  grid 2 (check_ld.py): inst-010426_v1 … inst-010426_v1  (1 tests)
  grid 2 (check_ld.py): inst-010450_v2 … inst-010450_v2  (1 tests)
  grid 2 (check_ld.py): inst-010475_v2 … inst-010475_v2  (1 tests)
  grid 2 (check_ld.py): inst-010625_v3 … inst-010625_v3  (1 tests)
  grid 2 (check_ld.py): inst-010777_v3 … inst-010777_v3  (1 tests)
  grid 2 (check_ld.py): inst-010818_v0 … inst-010818_v0  (1 tests)
  grid 2 (check_ld.py): inst-010869_v0 … inst-010869_v0  (1 tests)
  grid 2 (check_ld.py): inst-010906_v1 … inst-010906_v1  (1 tests)
  grid 2 (check_ld.py): inst-010949_v3 … inst-010949_v3  (1 tests)
  grid 2 (check_ld.py): inst-010998_v1 … inst-010998_v1  (1 tests)
  grid 2 (check_ld.py): inst-011098_v3 … inst-011098_v3  (1 tests)
  grid 2 (check_ld.py): inst-011106_v1 … inst-011106_v1  (1 tests)
  grid 2 (check_ld.py): inst-011111_v2 … inst-011111_v2  (1 tests)
  grid 2 (check_ld.py): inst-011113_v0 … inst-011113_v0  (1 tests)
  grid 2 (check_ld.py): inst-011151_v0 … inst-011151_v0  (1 tests)
  grid 2 (check_ld.py): inst-011158_v1 … inst-011158_v1  (1 tests)
  grid 2 (check_ld.py): inst-011235_v1 … inst-011235_v1  (1 tests)
  grid 2 (check_ld.py): inst-011278_v2 … inst-011278_v2  (1 tests)
  grid 2 (check_ld.py): inst-011402_v3 … inst-011402_v3  (1 tests)
  grid 2 (check_ld.py): inst-011597_v2 … inst-011597_v2  (1 tests)
  grid 2 (check_ld.py): inst-011599_v1 … inst-011599_v1  (1 tests)
  grid 2 (check_ld.py): inst-011823_v1 … inst-011823_v1  (1 tests)
  grid 2 (check_ld.py): inst-011947_v0 … inst-011947_v0  (1 tests)
  grid 2 (check_ld.py): inst-011982_v0 … inst-011982_v0  (1 tests)
  grid 2 (check_ld.py): inst-011982_v2 … inst-011982_v2  (1 tests)
  grid 2 (check_ld.py): inst-011997_v3 … inst-011997_v3  (1 tests)
  grid 2 (check_ld.py): inst-012068_v3 … inst-012068_v3  (1 tests)
  grid 2 (check_ld.py): inst-012069_v0 … inst-012069_v0  (1 tests)
  grid 2 (check_ld.py): inst-012164_v0 … inst-012164_v0  (1 tests)
  grid 2 (check_ld.py): inst-012247_v1 … inst-012247_v1  (1 tests)
  grid 2 (check_ld.py): inst-012256_v3 … inst-012256_v3  (1 tests)
  grid 2 (check_ld.py): inst-012307_v0 … inst-012307_v0  (1 tests)
  grid 2 (check_ld.py): inst-012365_v1 … inst-012365_v1  (1 tests)
  grid 2 (check_ld.py): inst-012377_v3 … inst-012377_v3  (1 tests)
  grid 2 (check_ld.py): inst-012402_v1 … inst-012402_v1  (1 tests)
  grid 2 (check_ld.py): inst-012434_v1 … inst-012434_v1  (1 tests)
  grid 2 (check_ld.py): inst-012483_v2 … inst-012483_v2  (1 tests)
  grid 2 (check_ld.py): inst-012578_v0 … inst-012578_v0  (1 tests)
  grid 2 (check_ld.py): inst-012582_v3 … inst-012582_v3  (1 tests)
  grid 2 (check_ld.py): inst-012640_v2 … inst-012640_v2  (1 tests)
  grid 2 (check_ld.py): inst-012668_v2 … inst-012668_v2  (1 tests)
  grid 2 (check_ld.py): inst-012672_v0 … inst-012672_v0  (1 tests)
  grid 2 (check_ld.py): inst-012700 … inst-012700  (1 tests)
  grid 2 (check_ld.py): inst-012703_v2 … inst-012703_v2  (1 tests)
  grid 2 (check_ld.py): inst-012708_v1 … inst-012708_v1  (1 tests)
  grid 2 (check_ld.py): inst-012788_v2 … inst-012788_v2  (1 tests)
  grid 2 (check_ld.py): inst-012959_v3 … inst-012959_v3  (1 tests)
  grid 2 (check_ld.py): inst-012999_v0 … inst-012999_v0  (1 tests)
  grid 2 (check_ld.py): inst-013002_v2 … inst-013002_v2  (1 tests)
  grid 2 (check_ld.py): inst-013081_v2 … inst-013081_v2  (1 tests)
  grid 2 (check_ld.py): inst-013083_v3 … inst-013083_v3  (1 tests)
  grid 2 (check_ld.py): inst-013097_v1 … inst-013097_v1  (1 tests)
  grid 2 (check_ld.py): inst-013119_v2 … inst-013119_v2  (1 tests)
  grid 2 (check_ld.py): inst-013146_v1 … inst-013146_v1  (1 tests)
  grid 2 (check_ld.py): inst-013190_v2 … inst-013190_v2  (1 tests)
  grid 2 (check_ld.py): inst-013210_v0 … inst-013210_v0  (1 tests)
  grid 2 (check_ld.py): inst-013219_v1 … inst-013219_v1  (1 tests)
  grid 2 (check_ld.py): inst-013271_v1 … inst-013271_v1  (1 tests)
  grid 2 (check_ld.py): inst-013306_v3 … inst-013306_v3  (1 tests)
  grid 2 (check_ld.py): inst-013323_v0 … inst-013323_v0  (1 tests)
  grid 2 (check_ld.py): inst-013430 … inst-013430  (1 tests)
  grid 2 (check_ld.py): inst-013446_v1 … inst-013446_v1  (1 tests)
  grid 2 (check_ld.py): inst-013482_v2 … inst-013482_v2  (1 tests)
  grid 2 (check_ld.py): inst-013489 … inst-013489  (1 tests)
  grid 2 (check_ld.py): inst-013510_v0 … inst-013510_v0  (1 tests)
  grid 2 (check_ld.py): inst-013900_v1 … inst-013900_v1  (1 tests)
  grid 2 (check_ld.py): inst-013912_v1 … inst-013912_v1  (1 tests)
  grid 2 (check_ld.py): inst-013984_v2 … inst-013984_v2  (1 tests)
  grid 2 (check_ld.py): inst-014108_v3 … inst-014108_v3  (1 tests)
  grid 2 (check_ld.py): inst-014210_v2 … inst-014210_v2  (1 tests)
  grid 2 (check_ld.py): inst-014228_v2 … inst-014228_v2  (1 tests)
  grid 2 (check_ld.py): inst-014229_v3 … inst-014229_v3  (1 tests)
  grid 2 (check_ld.py): inst-014233_v1 … inst-014233_v1  (1 tests)
  grid 2 (check_ld.py): inst-014260_v3 … inst-014260_v3  (1 tests)
  grid 2 (check_ld.py): inst-014261_v2 … inst-014261_v2  (1 tests)
  grid 2 (check_ld.py): inst-014287_v2 … inst-014287_v2  (1 tests)
  grid 2 (check_ld.py): inst-014293_v1 … inst-014293_v1  (1 tests)
  grid 2 (check_ld.py): inst-014309_v1 … inst-014309_v1  (1 tests)
  grid 2 (check_ld.py): inst-014341_v2 … inst-014341_v2  (1 tests)
  grid 2 (check_ld.py): inst-014353_v3 … inst-014353_v3  (1 tests)
  grid 2 (check_ld.py): inst-014380_v1 … inst-014380_v1  (1 tests)
  grid 2 (check_ld.py): inst-014400_v2 … inst-014400_v2  (1 tests)
  grid 2 (check_ld.py): inst-014405_v2 … inst-014405_v2  (1 tests)
  grid 2 (check_ld.py): inst-014464_v3 … inst-014464_v3  (1 tests)
  grid 2 (check_ld.py): inst-014494_v0 … inst-014494_v0  (1 tests)
  grid 2 (check_ld.py): inst-014520_v3 … inst-014520_v3  (1 tests)
  grid 2 (check_ld.py): inst-014609_v0 … inst-014609_v0  (1 tests)
  grid 2 (check_ld.py): inst-014619_v3 … inst-014619_v3  (1 tests)
  grid 2 (check_ld.py): inst-014675_v1 … inst-014675_v1  (1 tests)
  grid 2 (check_ld.py): inst-014686_v2 … inst-014686_v2  (1 tests)
  grid 2 (check_ld.py): inst-014738_v0 … inst-014738_v0  (1 tests)
  grid 2 (check_ld.py): inst-014738_v3 … inst-014738_v3  (1 tests)
  grid 2 (check_ld.py): inst-014879_v2 … inst-014879_v2  (1 tests)
  grid 2 (check_ld.py): inst-015007_v2 … inst-015007_v2  (1 tests)
  grid 2 (check_ld.py): inst-015009_v1 … inst-015009_v1  (1 tests)
  grid 2 (check_ld.py): inst-015034_v1 … inst-015034_v1  (1 tests)
  grid 2 (check_ld.py): inst-015036_v0 … inst-015036_v0  (1 tests)
  grid 2 (check_ld.py): inst-015050_v2 … inst-015050_v2  (1 tests)
  grid 2 (check_ld.py): inst-015057_v1 … inst-015057_v1  (1 tests)
  grid 2 (check_ld.py): inst-015068_v1 … inst-015068_v1  (1 tests)
  grid 2 (check_ld.py): inst-015098_v0 … inst-015098_v0  (1 tests)
  grid 2 (check_ld.py): inst-015118_v2 … inst-015118_v2  (1 tests)
  grid 2 (check_ld.py): inst-015119_v2 … inst-015119_v2  (1 tests)
  grid 2 (check_ld.py): inst-015175_v1 … inst-015175_v1  (1 tests)
  grid 2 (check_ld.py): inst-015177_v2 … inst-015177_v2  (1 tests)
  grid 2 (check_ld.py): inst-015274_v0 … inst-015274_v0  (1 tests)
  grid 2 (check_ld.py): inst-015280_v2 … inst-015280_v2  (1 tests)
  grid 2 (check_ld.py): inst-015285_v3 … inst-015285_v3  (1 tests)
  grid 2 (check_ld.py): inst-015365_v0 … inst-015365_v0  (1 tests)
  grid 2 (check_ld.py): inst-015426_v1 … inst-015426_v1  (1 tests)
  grid 2 (check_ld.py): inst-015490_v3 … inst-015490_v3  (1 tests)
  grid 2 (check_ld.py): inst-015491_v3 … inst-015491_v3  (1 tests)
  grid 2 (check_ld.py): inst-015652_v1 … inst-015652_v1  (1 tests)
  grid 2 (check_ld.py): inst-015660_v3 … inst-015660_v3  (1 tests)
  grid 2 (check_ld.py): inst-015707_v2 … inst-015707_v2  (1 tests)
  grid 2 (check_ld.py): inst-015713_v2 … inst-015713_v2  (1 tests)
  grid 2 (check_ld.py): inst-015721_v0 … inst-015721_v0  (1 tests)
  grid 2 (check_ld.py): inst-015969_v2 … inst-015969_v2  (1 tests)
  grid 2 (check_ld.py): inst-016017_v0 … inst-016017_v0  (1 tests)
  grid 2 (check_ld.py): inst-016085_v2 … inst-016085_v2  (1 tests)
  grid 2 (check_ld.py): inst-016128_v1 … inst-016128_v1  (1 tests)
  grid 2 (check_ld.py): inst-016267_v0 … inst-016267_v0  (1 tests)
  grid 2 (check_ld.py): inst-016670_v3 … inst-016670_v3  (1 tests)
  grid 2 (check_ld.py): inst-016720_v0 … inst-016720_v0  (1 tests)
  grid 2 (check_ld.py): inst-016742_v1 … inst-016742_v1  (1 tests)
  grid 2 (check_ld.py): inst-016811 … inst-016811  (1 tests)
  grid 2 (check_ld.py): inst-016833_v1 … inst-016833_v1  (1 tests)
  grid 2 (check_ld.py): inst-016857_v1 … inst-016857_v1  (1 tests)
  grid 2 (check_ld.py): inst-017246_v1 … inst-017246_v1  (1 tests)
  grid 2 (check_ld.py): inst-017340 … inst-017340  (1 tests)
  grid 2 (check_ld.py): inst-017363_v3 … inst-017363_v3  (1 tests)
  grid 2 (check_ld.py): inst-017365_v2 … inst-017365_v2  (1 tests)
  grid 2 (check_ld.py): inst-017437_v3 … inst-017437_v3  (1 tests)
  grid 2 (check_ld.py): inst-017561_v1 … inst-017561_v1  (1 tests)
  grid 2 (check_ld.py): inst-017578_v3 … inst-017578_v3  (1 tests)
  grid 2 (check_ld.py): inst-017586_v1 … inst-017586_v1  (1 tests)
  grid 2 (check_ld.py): inst-017639_v0 … inst-017639_v0  (1 tests)
  grid 2 (check_ld.py): inst-017651_v3 … inst-017651_v3  (1 tests)
  grid 2 (check_ld.py): inst-017673_v1 … inst-017673_v1  (1 tests)
  grid 2 (check_ld.py): inst-017681_v1 … inst-017681_v1  (1 tests)
  grid 2 (check_ld.py): inst-017755_v3 … inst-017755_v3  (1 tests)
  grid 2 (check_ld.py): inst-017900_v2 … inst-017900_v2  (1 tests)
  grid 2 (check_ld.py): inst-017948_v0 … inst-017948_v0  (1 tests)
  grid 2 (check_ld.py): inst-018019_v1 … inst-018019_v1  (1 tests)
  grid 2 (check_ld.py): inst-018089_v2 … inst-018089_v2  (1 tests)
  grid 2 (check_ld.py): inst-018316_v0 … inst-018316_v0  (1 tests)
  grid 2 (check_ld.py): inst-018318_v3 … inst-018318_v3  (1 tests)
  grid 2 (check_ld.py): inst-018441_v2 … inst-018441_v2  (1 tests)
  grid 2 (check_ld.py): inst-018522_v0 … inst-018522_v0  (1 tests)
  grid 2 (check_ld.py): inst-018528_v1 … inst-018528_v1  (1 tests)
  grid 2 (check_ld.py): inst-018537_v0 … inst-018537_v0  (1 tests)
  grid 2 (check_ld.py): inst-018590_v1 … inst-018590_v1  (1 tests)
  grid 2 (check_ld.py): inst-018805_v1 … inst-018805_v1  (1 tests)
  grid 2 (check_ld.py): inst-018813_v0 … inst-018813_v0  (1 tests)
  grid 2 (check_ld.py): inst-018820_v2 … inst-018820_v2  (1 tests)
  grid 2 (check_ld.py): inst-018821_v1 … inst-018821_v1  (1 tests)
  grid 2 (check_ld.py): inst-018855_v1 … inst-018855_v1  (1 tests)
  grid 2 (check_ld.py): inst-018890_v3 … inst-018890_v3  (1 tests)
  grid 2 (check_ld.py): inst-022267 … inst-022267  (1 tests)
  grid 2 (check_ld.py): inst-022527 … inst-022527  (1 tests)
  grid 2 (check_ld.py): inst-023258 … inst-023258  (1 tests)
  grid 2 (check_ld.py): inst-023275 … inst-023275  (1 tests)
  grid 2 (check_ld.py): inst-023381 … inst-023381  (1 tests)
  grid 2 (check_ld.py): inst-023697 … inst-023697  (1 tests)
  grid 2 (check_ld.py): inst-023700 … inst-023700  (1 tests)
  grid 2 (check_ld.py): inst-028153 … inst-028153  (1 tests)
  grid 2 (check_ld.py): inst-028162 … inst-028162  (1 tests)
  grid 2 (check_ld.py): inst-028185 … inst-028185  (1 tests)
  grid 2 (check_ld.py): inst-028187 … inst-028187  (1 tests)
  grid 2 (check_ld.py): inst-028265 … inst-028265  (1 tests)
  grid 2 (check_ld.py): inst-028271 … inst-028271  (1 tests)
  grid 2 (check_ld.py): inst-028539 … inst-028539  (1 tests)
  grid 2 (check_ld.py): inst-028541 … inst-028541  (1 tests)
  grid 2 (check_ld.py): inst-028574 … inst-028574  (1 tests)
  grid 2 (check_ld.py): inst-029119 … inst-029119  (1 tests)
  grid 2 (check_ld.py): inst-033536 … inst-033536  (1 tests)
  grid 2 (check_ld.py): inst-033565 … inst-033565  (1 tests)
  grid 2 (check_ld.py): inst-033615 … inst-033615  (1 tests)
  grid 2 (check_ld.py): inst-033646 … inst-033646  (1 tests)
  grid 2 (check_ld.py): inst-033759 … inst-033759  (1 tests)
  grid 2 (check_ld.py): inst-033807 … inst-033807  (1 tests)
  grid 2 (check_ld.py): inst-033811 … inst-033811  (1 tests)
  grid 2 (check_ld.py): inst-034024 … inst-034024  (1 tests)
  grid 2 (check_ld.py): inst-034031 … inst-034031  (1 tests)
  grid 2 (check_ld.py): inst-034094 … inst-034094  (1 tests)
  grid 2 (check_ld.py): inst-034120 … inst-034120  (1 tests)
  grid 2 (check_ld.py): inst-034157 … inst-034157  (1 tests)
  grid 2 (check_ld.py): inst-034198 … inst-034198  (1 tests)
  grid 2 (check_ld.py): inst-034952 … inst-034952  (1 tests)
  grid 2 (check_ld.py): inst-034968 … inst-034968  (1 tests)
  grid 2 (check_ld.py): inst-035029 … inst-035029  (1 tests)
  grid 2 (check_ld.py): inst-035120 … inst-035120  (1 tests)
  grid 2 (check_ld.py): inst-035156 … inst-035156  (1 tests)
  grid 2 (check_ld.py): inst-035303 … inst-035303  (1 tests)
  grid 2 (check_ld.py): inst-035412 … inst-035412  (1 tests)
  grid 2 (check_ld.py): inst-035423 … inst-035423  (1 tests)
  grid 2 (check_ld.py): inst-035455 … inst-035455  (1 tests)
  grid 2 (check_ld.py): inst-035458 … inst-035458  (1 tests)
  grid 2 (check_ld.py): inst-035511 … inst-035511  (1 tests)
  grid 2 (check_ld.py): inst-046191 … inst-046191  (1 tests)
  grid 2 (check_ld.py): inst-046211 … inst-046211  (1 tests)
  grid 2 (check_ld.py): inst-046223 … inst-046223  (1 tests)
  grid 2 (check_ld.py): inst-046230 … inst-046230  (1 tests)
  grid 2 (check_ld.py): inst-046237 … inst-046237  (1 tests)
  grid 2 (check_ld.py): inst-046238 … inst-046238  (1 tests)
  grid 2 (check_ld.py): inst-047207 … inst-047207  (1 tests)
  grid 2 (check_ld.py): inst-047214 … inst-047214  (1 tests)
  grid 2 (check_ld.py): inst-047216 … inst-047216  (1 tests)
  grid 2 (check_ld.py): inst-047218 … inst-047218  (1 tests)
  grid 2 (check_ld.py): inst-047224 … inst-047224  (1 tests)
  grid 2 (check_ld.py): inst-047235 … inst-047235  (1 tests)
  grid 2 (check_ld.py): inst-047238 … inst-047238  (1 tests)
  grid 2 (check_ld.py): inst-047245 … inst-047245  (1 tests)
  grid 2 (check_ld.py): inst-047249 … inst-047249  (1 tests)
  grid 2 (check_ld.py): inst-047259 … inst-047259  (1 tests)
  grid 2 (check_ld.py): inst-047261 … inst-047261  (1 tests)
  grid 2 (check_ld.py): inst-047266 … inst-047266  (1 tests)
  grid 2 (check_ld.py): inst-047271 … inst-047271  (1 tests)
  grid 2 (check_ld.py): inst-047275 … inst-047275  (1 tests)
  grid 2 (check_ld.py): inst-047276 … inst-047276  (1 tests)
  grid 2 (check_ld.py): inst-047279 … inst-047279  (1 tests)
  grid 2 (check_ld.py): inst-047282 … inst-047282  (1 tests)
  grid 2 (check_ld.py): inst-047284 … inst-047284  (1 tests)
  grid 2 (check_ld.py): inst-047291 … inst-047291  (1 tests)
  grid 2 (check_ld.py): inst-047305 … inst-047305  (1 tests)
  grid 2 (check_ld.py): inst-047309 … inst-047309  (1 tests)
  grid 2 (check_ld.py): inst-047316 … inst-047316  (1 tests)
  grid 2 (check_ld.py): inst-047351 … inst-047351  (1 tests)
  grid 2 (check_ld.py): inst-047355 … inst-047355  (1 tests)
  grid 2 (check_ld.py): inst-047370 … inst-047370  (1 tests)
  grid 2 (check_ld.py): inst-047386 … inst-047386  (1 tests)
  grid 2 (check_ld.py): inst-047387 … inst-047387  (1 tests)
  grid 2 (check_ld.py): inst-047394 … inst-047394  (1 tests)
  grid 2 (check_ld.py): inst-047401 … inst-047401  (1 tests)
  grid 2 (check_ld.py): inst-047412 … inst-047412  (1 tests)
  grid 2 (check_ld.py): inst-047417 … inst-047417  (1 tests)
  grid 2 (check_ld.py): inst-047420 … inst-047420  (1 tests)
  grid 2 (check_ld.py): inst-047424 … inst-047424  (1 tests)
  grid 2 (check_ld.py): inst-047425 … inst-047425  (1 tests)
  grid 2 (check_ld.py): inst-047447 … inst-047447  (1 tests)
  grid 2 (check_ld.py): inst-047465 … inst-047465  (1 tests)
  grid 2 (check_ld.py): inst-047472 … inst-047472  (1 tests)
  grid 2 (check_ld.py): inst-047491 … inst-047491  (1 tests)
  grid 2 (check_ld.py): inst-048328 … inst-048328  (1 tests)
  grid 2 (check_ld.py): inst-048330 … inst-048330  (1 tests)
  grid 2 (check_ld.py): inst-048336 … inst-048336  (1 tests)
  grid 2 (check_ld.py): inst-048345 … inst-048345  (1 tests)
  grid 2 (check_ld.py): inst-048349 … inst-048349  (1 tests)
  grid 2 (check_ld.py): inst-048351 … inst-048351  (1 tests)
  grid 2 (check_ld.py): inst-048355 … inst-048355  (1 tests)
  grid 2 (check_ld.py): inst-048358 … inst-048358  (1 tests)
  grid 2 (check_ld.py): inst-048363 … inst-048363  (1 tests)
  grid 2 (check_ld.py): inst-048369 … inst-048369  (1 tests)
  grid 2 (check_ld.py): inst-048381 … inst-048381  (1 tests)
  grid 2 (check_ld.py): inst-048391 … inst-048391  (1 tests)
  grid 2 (check_ld.py): inst-048392 … inst-048392  (1 tests)
  grid 2 (check_ld.py): inst-048399 … inst-048399  (1 tests)
  grid 2 (check_ld.py): inst-048401 … inst-048401  (1 tests)
  grid 2 (check_ld.py): inst-048402 … inst-048402  (1 tests)
  grid 2 (check_ld.py): inst-048421 … inst-048421  (1 tests)
  grid 2 (check_ld.py): inst-048425 … inst-048425  (1 tests)
  grid 2 (check_ld.py): inst-048428 … inst-048428  (1 tests)
  grid 2 (check_ld.py): inst-048429 … inst-048429  (1 tests)
  grid 2 (check_ld.py): inst-048437 … inst-048437  (1 tests)
  grid 2 (check_ld.py): inst-048439 … inst-048439  (1 tests)
  grid 2 (check_ld.py): inst-049042 … inst-049042  (1 tests)
  grid 2 (check_ld.py): inst-049049 … inst-049049  (1 tests)
  grid 2 (check_ld.py): inst-049053 … inst-049053  (1 tests)
  grid 2 (check_ld.py): inst-049055 … inst-049055  (1 tests)
  grid 2 (check_ld.py): inst-049058 … inst-049058  (1 tests)
  grid 2 (check_ld.py): inst-049061 … inst-049061  (1 tests)
  grid 2 (check_ld.py): inst-049065 … inst-049065  (1 tests)
  grid 2 (check_ld.py): inst-049066 … inst-049066  (1 tests)
  grid 2 (check_ld.py): inst-049077 … inst-049077  (1 tests)
  grid 2 (check_ld.py): inst-049084 … inst-049084  (1 tests)
  grid 2 (check_ld.py): inst-049086 … inst-049086  (1 tests)
  grid 2 (check_ld.py): inst-049092 … inst-049092  (1 tests)
  grid 2 (check_ld.py): inst-049093 … inst-049093  (1 tests)
  grid 2 (check_ld.py): inst-049095 … inst-049095  (1 tests)
  grid 2 (check_ld.py): inst-049096 … inst-049096  (1 tests)
  grid 2 (check_ld.py): inst-049099 … inst-049099  (1 tests)
  grid 2 (check_ld.py): inst-049113 … inst-049113  (1 tests)
  grid 2 (check_ld.py): inst-049115 … inst-049115  (1 tests)
  grid 2 (check_ld.py): inst-049117 … inst-049117  (1 tests)
  grid 2 (check_ld.py): inst-049120 … inst-049120  (1 tests)
  grid 2 (check_ld.py): inst-049121 … inst-049121  (1 tests)
  grid 2 (check_ld.py): inst-049123 … inst-049123  (1 tests)
  grid 2 (check_ld.py): inst-049125 … inst-049125  (1 tests)
  grid 2 (check_ld.py): inst-049128 … inst-049128  (1 tests)
  grid 2 (check_ld.py): inst-049131 … inst-049131  (1 tests)
  grid 2 (check_ld.py): inst-049132 … inst-049132  (1 tests)
  grid 2 (check_ld.py): inst-049422 … inst-049422  (1 tests)
  grid 2 (check_ld.py): inst-049434 … inst-049434  (1 tests)
  grid 2 (check_ld.py): inst-049438 … inst-049438  (1 tests)
  grid 2 (check_ld.py): inst-049442 … inst-049442  (1 tests)
  grid 2 (check_ld.py): inst-049452 … inst-049452  (1 tests)
  grid 2 (check_ld.py): inst-049460 … inst-049460  (1 tests)
  grid 2 (check_ld.py): inst-049462 … inst-049462  (1 tests)
  grid 2 (check_ld.py): inst-049463 … inst-049463  (1 tests)
  grid 2 (check_ld.py): inst-049468 … inst-049468  (1 tests)
  grid 2 (check_ld.py): inst-049484 … inst-049484  (1 tests)
  grid 2 (check_ld.py): inst-049501 … inst-049501  (1 tests)
  grid 2 (check_ld.py): inst-049519 … inst-049519  (1 tests)
  grid 2 (check_ld.py): inst-049524 … inst-049524  (1 tests)
  grid 2 (check_ld.py): inst-049527 … inst-049527  (1 tests)
  grid 2 (check_ld.py): inst-049528 … inst-049528  (1 tests)
  grid 2 (check_ld.py): inst-049529 … inst-049529  (1 tests)
  grid 2 (check_ld.py): inst-049531 … inst-049531  (1 tests)
  grid 2 (check_ld.py): inst-049538 … inst-049538  (1 tests)
  grid 2 (check_ld.py): inst-049540 … inst-049540  (1 tests)
  grid 2 (check_ld.py): inst-049557 … inst-049557  (1 tests)
  grid 2 (check_ld.py): inst-049563 … inst-049563  (1 tests)
  grid 2 (check_ld.py): inst-049564 … inst-049564  (1 tests)
  grid 2 (check_ld.py): inst-049596 … inst-049596  (1 tests)
  grid 2 (check_ld.py): inst-049604 … inst-049604  (1 tests)
  grid 2 (check_ld.py): inst-049611 … inst-049611  (1 tests)
  grid 2 (check_ld.py): inst-049614 … inst-049614  (1 tests)
  grid 2 (check_ld.py): inst-049617 … inst-049617  (1 tests)
  grid 2 (check_ld.py): inst-049622 … inst-049622  (1 tests)
  grid 2 (check_ld.py): inst-049624 … inst-049624  (1 tests)
  grid 2 (check_ld.py): inst-049629 … inst-049629  (1 tests)
  grid 2 (check_ld.py): inst-049631 … inst-049631  (1 tests)
  grid 2 (check_ld.py): inst-049655 … inst-049655  (1 tests)
  grid 2 (check_ld.py): inst-049921 … inst-049921  (1 tests)
  grid 2 (check_ld.py): inst-050206 … inst-050206  (1 tests)
  grid 2 (check_ld.py): inst-050207 … inst-050207  (1 tests)
  grid 2 (check_ld.py): inst-050212 … inst-050212  (1 tests)
  grid 2 (check_ld.py): inst-050215 … inst-050215  (1 tests)
  grid 2 (check_ld.py): inst-050218 … inst-050218  (1 tests)
  grid 2 (check_ld.py): inst-052862 … inst-052862  (1 tests)
  grid 2 (check_ld.py): inst-052868 … inst-052868  (1 tests)
  grid 2 (check_ld.py): inst-052871 … inst-052871  (1 tests)
  grid 2 (check_ld.py): inst-052872 … inst-052872  (1 tests)
  grid 2 (check_ld.py): inst-052873 … inst-052873  (1 tests)
  grid 2 (check_ld.py): inst-052875 … inst-052875  (1 tests)
  grid 2 (check_ld.py): inst-052879 … inst-052879  (1 tests)
  grid 2 (check_ld.py): inst-052882 … inst-052882  (1 tests)
  grid 2 (check_ld.py): inst-052887 … inst-052887  (1 tests)
  grid 2 (check_ld.py): inst-052892 … inst-052892  (1 tests)
  grid 2 (check_ld.py): inst-052896 … inst-052896  (1 tests)
  grid 2 (check_ld.py): inst-052904 … inst-052904  (1 tests)
  grid 2 (check_ld.py): inst-052907 … inst-052907  (1 tests)
  grid 2 (check_ld.py): inst-053883 … inst-053883  (1 tests)
  grid 2 (check_ld.py): inst-053887 … inst-053887  (1 tests)
  grid 2 (check_ld.py): inst-053890 … inst-053890  (1 tests)
  grid 2 (check_ld.py): inst-053893 … inst-053893  (1 tests)
  grid 2 (check_ld.py): inst-053894 … inst-053894  (1 tests)
  grid 2 (check_ld.py): inst-053923 … inst-053923  (1 tests)
  grid 2 (check_ld.py): inst-053924 … inst-053924  (1 tests)
  grid 2 (check_ld.py): inst-053941 … inst-053941  (1 tests)
  grid 2 (check_ld.py): inst-053944 … inst-053944  (1 tests)
  grid 2 (check_ld.py): inst-053953 … inst-053953  (1 tests)
  grid 2 (check_ld.py): inst-053962 … inst-053962  (1 tests)
  grid 2 (check_ld.py): inst-053963 … inst-053963  (1 tests)
  grid 3 (check_ld.py): inst-015969_v2 … inst-015969_v2  (1 tests)
  grid 3 (check_ld.py): inst-016017_v0 … inst-016017_v0  (1 tests)
  grid 3 (check_ld.py): inst-016085_v2 … inst-016085_v2  (1 tests)
  grid 3 (check_ld.py): inst-016128_v1 … inst-016128_v1  (1 tests)
  grid 3 (check_ld.py): inst-016267_v0 … inst-016267_v0  (1 tests)
  grid 3 (check_ld.py): inst-016670_v3 … inst-016670_v3  (1 tests)
  grid 3 (check_ld.py): inst-016720_v0 … inst-016720_v0  (1 tests)
  grid 3 (check_ld.py): inst-016742_v1 … inst-016742_v1  (1 tests)
  grid 3 (check_ld.py): inst-016811 … inst-016811  (1 tests)
  grid 3 (check_ld.py): inst-016833_v1 … inst-016833_v1  (1 tests)
  grid 3 (check_ld.py): inst-016857_v1 … inst-016857_v1  (1 tests)
  grid 3 (check_ld.py): inst-017246_v1 … inst-017246_v1  (1 tests)
  grid 3 (check_ld.py): inst-017340 … inst-017340  (1 tests)
  grid 3 (check_ld.py): inst-017363_v3 … inst-017363_v3  (1 tests)
  grid 3 (check_ld.py): inst-017437_v3 … inst-017437_v3  (1 tests)
  grid 3 (check_ld.py): inst-017561_v1 … inst-017561_v1  (1 tests)
  grid 3 (check_ld.py): inst-017578_v3 … inst-017578_v3  (1 tests)
  grid 3 (check_ld.py): inst-017586_v1 … inst-017586_v1  (1 tests)
  grid 3 (check_ld.py): inst-017639_v0 … inst-017639_v0  (1 tests)
  grid 3 (check_ld.py): inst-017651_v3 … inst-017651_v3  (1 tests)
  grid 3 (check_ld.py): inst-017673_v1 … inst-017673_v1  (1 tests)
  grid 3 (check_ld.py): inst-017681_v1 … inst-017681_v1  (1 tests)
  grid 3 (check_ld.py): inst-017755_v3 … inst-017755_v3  (1 tests)
  grid 3 (check_ld.py): inst-017900_v2 … inst-017900_v2  (1 tests)
  grid 3 (check_ld.py): inst-017948_v0 … inst-017948_v0  (1 tests)
  grid 3 (check_ld.py): inst-018019_v1 … inst-018019_v1  (1 tests)
  grid 3 (check_ld.py): inst-018089_v2 … inst-018089_v2  (1 tests)
  grid 3 (check_ld.py): inst-018316_v0 … inst-018316_v0  (1 tests)
  grid 3 (check_ld.py): inst-018318_v3 … inst-018318_v3  (1 tests)
  grid 3 (check_ld.py): inst-018441_v2 … inst-018441_v2  (1 tests)
  grid 3 (check_ld.py): inst-018522_v0 … inst-018522_v0  (1 tests)
  grid 3 (check_ld.py): inst-018528_v1 … inst-018528_v1  (1 tests)
  grid 3 (check_ld.py): inst-018537_v0 … inst-018537_v0  (1 tests)
  grid 3 (check_ld.py): inst-018590_v1 … inst-018590_v1  (1 tests)
  grid 3 (check_ld.py): inst-018805_v1 … inst-018805_v1  (1 tests)
  grid 3 (check_ld.py): inst-018813_v0 … inst-018813_v0  (1 tests)
  grid 3 (check_ld.py): inst-018820_v2 … inst-018820_v2  (1 tests)
  grid 3 (check_ld.py): inst-018821_v1 … inst-018821_v1  (1 tests)
  grid 3 (check_ld.py): inst-018855_v1 … inst-018855_v1  (1 tests)
  grid 3 (check_ld.py): inst-018890_v3 … inst-018890_v3  (1 tests)
  grid 3 (check_ld.py): inst-022267 … inst-022267  (1 tests)
  grid 3 (check_ld.py): inst-022527 … inst-022527  (1 tests)
  grid 3 (check_ld.py): inst-023258 … inst-023258  (1 tests)
  grid 3 (check_ld.py): inst-023275 … inst-023275  (1 tests)
  grid 3 (check_ld.py): inst-023381 … inst-023381  (1 tests)
  grid 3 (check_ld.py): inst-023697 … inst-023697  (1 tests)
  grid 3 (check_ld.py): inst-023700 … inst-023700  (1 tests)
  grid 3 (check_ld.py): inst-028153 … inst-028153  (1 tests)
  grid 3 (check_ld.py): inst-028162 … inst-028162  (1 tests)
  grid 3 (check_ld.py): inst-028185 … inst-028185  (1 tests)
  grid 3 (check_ld.py): inst-028187 … inst-028187  (1 tests)
  grid 3 (check_ld.py): inst-028265 … inst-028265  (1 tests)
  grid 3 (check_ld.py): inst-028271 … inst-028271  (1 tests)
  grid 3 (check_ld.py): inst-028539 … inst-028539  (1 tests)
  grid 3 (check_ld.py): inst-028541 … inst-028541  (1 tests)
  grid 3 (check_ld.py): inst-028574 … inst-028574  (1 tests)
  grid 3 (check_ld.py): inst-029119 … inst-029119  (1 tests)
  grid 4 (check_ld.py): inst-015969_v2 … inst-015969_v2  (1 tests)
  grid 4 (check_ld.py): inst-016017_v0 … inst-016017_v0  (1 tests)
  grid 4 (check_ld.py): inst-016085_v2 … inst-016085_v2  (1 tests)
  grid 4 (check_ld.py): inst-016128_v1 … inst-016128_v1  (1 tests)
  grid 4 (check_ld.py): inst-016267_v0 … inst-016267_v0  (1 tests)
  grid 4 (check_ld.py): inst-016670_v3 … inst-016670_v3  (1 tests)
  grid 4 (check_ld.py): inst-016720_v0 … inst-016720_v0  (1 tests)
  grid 4 (check_ld.py): inst-016742_v1 … inst-016742_v1  (1 tests)
  grid 4 (check_ld.py): inst-016811 … inst-016811  (1 tests)
  grid 4 (check_ld.py): inst-016833_v1 … inst-016833_v1  (1 tests)
  grid 4 (check_ld.py): inst-016857_v1 … inst-016857_v1  (1 tests)
  grid 4 (check_ld.py): inst-017246_v1 … inst-017246_v1  (1 tests)
  grid 4 (check_ld.py): inst-017340 … inst-017340  (1 tests)
  grid 4 (check_ld.py): inst-017363_v3 … inst-017363_v3  (1 tests)
  grid 4 (check_ld.py): inst-017437_v3 … inst-017437_v3  (1 tests)
  grid 4 (check_ld.py): inst-017561_v1 … inst-017561_v1  (1 tests)
  grid 4 (check_ld.py): inst-017578_v3 … inst-017578_v3  (1 tests)
  grid 4 (check_ld.py): inst-017586_v1 … inst-017586_v1  (1 tests)
  grid 4 (check_ld.py): inst-017639_v0 … inst-017639_v0  (1 tests)
  grid 4 (check_ld.py): inst-017651_v3 … inst-017651_v3  (1 tests)
  grid 4 (check_ld.py): inst-017673_v1 … inst-017673_v1  (1 tests)
  grid 4 (check_ld.py): inst-017681_v1 … inst-017681_v1  (1 tests)
  grid 4 (check_ld.py): inst-017755_v3 … inst-017755_v3  (1 tests)
  grid 4 (check_ld.py): inst-017900_v2 … inst-017900_v2  (1 tests)
  grid 4 (check_ld.py): inst-017948_v0 … inst-017948_v0  (1 tests)
  grid 4 (check_ld.py): inst-018019_v1 … inst-018019_v1  (1 tests)
  grid 4 (check_ld.py): inst-018089_v2 … inst-018089_v2  (1 tests)
  grid 4 (check_ld.py): inst-018316_v0 … inst-018316_v0  (1 tests)
  grid 4 (check_ld.py): inst-018318_v3 … inst-018318_v3  (1 tests)
  grid 4 (check_ld.py): inst-018441_v2 … inst-018441_v2  (1 tests)
  grid 4 (check_ld.py): inst-018522_v0 … inst-018522_v0  (1 tests)
  grid 4 (check_ld.py): inst-018528_v1 … inst-018528_v1  (1 tests)
  grid 4 (check_ld.py): inst-018537_v0 … inst-018537_v0  (1 tests)
  grid 4 (check_ld.py): inst-018590_v1 … inst-018590_v1  (1 tests)
  grid 4 (check_ld.py): inst-018805_v1 … inst-018805_v1  (1 tests)
  grid 4 (check_ld.py): inst-018813_v0 … inst-018813_v0  (1 tests)
  grid 4 (check_ld.py): inst-018820_v2 … inst-018820_v2  (1 tests)
  grid 4 (check_ld.py): inst-018821_v1 … inst-018821_v1  (1 tests)
  grid 4 (check_ld.py): inst-018855_v1 … inst-018855_v1  (1 tests)
  grid 4 (check_ld.py): inst-018890_v3 … inst-018890_v3  (1 tests)
  grid 4 (check_ld.py): inst-022267 … inst-022267  (1 tests)
  grid 4 (check_ld.py): inst-022527 … inst-022527  (1 tests)
  grid 4 (check_ld.py): inst-023258 … inst-023258  (1 tests)
  grid 4 (check_ld.py): inst-023275 … inst-023275  (1 tests)
  grid 4 (check_ld.py): inst-023381 … inst-023381  (1 tests)
  grid 4 (check_ld.py): inst-023697 … inst-023697  (1 tests)
  grid 4 (check_ld.py): inst-023700 … inst-023700  (1 tests)
  grid 4 (check_ld.py): inst-028153 … inst-028153  (1 tests)
  grid 4 (check_ld.py): inst-028162 … inst-028162  (1 tests)
  grid 4 (check_ld.py): inst-028185 … inst-028185  (1 tests)
  grid 4 (check_ld.py): inst-028187 … inst-028187  (1 tests)
  grid 4 (check_ld.py): inst-028265 … inst-028265  (1 tests)
  grid 4 (check_ld.py): inst-028271 … inst-028271  (1 tests)
  grid 4 (check_ld.py): inst-028539 … inst-028539  (1 tests)
  grid 4 (check_ld.py): inst-028541 … inst-028541  (1 tests)
  grid 4 (check_ld.py): inst-028574 … inst-028574  (1 tests)
  grid 4 (check_ld.py): inst-029119 … inst-029119  (1 tests)
  grid 5 (check_ld.py): inst-015969_v2 … inst-015969_v2  (1 tests)
  grid 5 (check_ld.py): inst-016017_v0 … inst-016017_v0  (1 tests)
  grid 5 (check_ld.py): inst-016085_v2 … inst-016085_v2  (1 tests)
  grid 5 (check_ld.py): inst-016128_v1 … inst-016128_v1  (1 tests)
  grid 5 (check_ld.py): inst-016267_v0 … inst-016267_v0  (1 tests)
  grid 5 (check_ld.py): inst-016670_v3 … inst-016670_v3  (1 tests)
  grid 5 (check_ld.py): inst-016720_v0 … inst-016720_v0  (1 tests)
  grid 5 (check_ld.py): inst-016742_v1 … inst-016742_v1  (1 tests)
  grid 5 (check_ld.py): inst-016811 … inst-016811  (1 tests)
  grid 5 (check_ld.py): inst-016833_v1 … inst-016833_v1  (1 tests)
  grid 5 (check_ld.py): inst-016857_v1 … inst-016857_v1  (1 tests)
  grid 5 (check_ld.py): inst-017246_v1 … inst-017246_v1  (1 tests)
  grid 5 (check_ld.py): inst-017340 … inst-017340  (1 tests)
  grid 5 (check_ld.py): inst-017363_v3 … inst-017363_v3  (1 tests)
  grid 5 (check_ld.py): inst-017437_v3 … inst-017437_v3  (1 tests)
  grid 5 (check_ld.py): inst-017561_v1 … inst-017561_v1  (1 tests)
  grid 5 (check_ld.py): inst-017578_v3 … inst-017578_v3  (1 tests)
  grid 5 (check_ld.py): inst-017586_v1 … inst-017586_v1  (1 tests)
  grid 5 (check_ld.py): inst-017639_v0 … inst-017639_v0  (1 tests)
  grid 5 (check_ld.py): inst-017651_v3 … inst-017651_v3  (1 tests)
  grid 5 (check_ld.py): inst-017673_v1 … inst-017673_v1  (1 tests)
  grid 5 (check_ld.py): inst-017681_v1 … inst-017681_v1  (1 tests)
  grid 5 (check_ld.py): inst-017755_v3 … inst-017755_v3  (1 tests)
  grid 5 (check_ld.py): inst-017900_v2 … inst-017900_v2  (1 tests)
  grid 5 (check_ld.py): inst-017948_v0 … inst-017948_v0  (1 tests)
  grid 5 (check_ld.py): inst-018019_v1 … inst-018019_v1  (1 tests)
  grid 5 (check_ld.py): inst-018089_v2 … inst-018089_v2  (1 tests)
  grid 5 (check_ld.py): inst-018316_v0 … inst-018316_v0  (1 tests)
  grid 5 (check_ld.py): inst-018318_v3 … inst-018318_v3  (1 tests)
  grid 5 (check_ld.py): inst-018441_v2 … inst-018441_v2  (1 tests)
  grid 5 (check_ld.py): inst-018522_v0 … inst-018522_v0  (1 tests)
  grid 5 (check_ld.py): inst-018528_v1 … inst-018528_v1  (1 tests)
  grid 5 (check_ld.py): inst-018537_v0 … inst-018537_v0  (1 tests)
  grid 5 (check_ld.py): inst-018590_v1 … inst-018590_v1  (1 tests)
  grid 5 (check_ld.py): inst-018805_v1 … inst-018805_v1  (1 tests)
  grid 5 (check_ld.py): inst-018813_v0 … inst-018813_v0  (1 tests)
  grid 5 (check_ld.py): inst-018820_v2 … inst-018820_v2  (1 tests)
  grid 5 (check_ld.py): inst-018821_v1 … inst-018821_v1  (1 tests)
  grid 5 (check_ld.py): inst-018855_v1 … inst-018855_v1  (1 tests)
  grid 5 (check_ld.py): inst-018890_v3 … inst-018890_v3  (1 tests)
  grid 5 (check_ld.py): inst-022267 … inst-022267  (1 tests)
  grid 5 (check_ld.py): inst-022527 … inst-022527  (1 tests)
  grid 5 (check_ld.py): inst-023258 … inst-023258  (1 tests)
  grid 5 (check_ld.py): inst-023275 … inst-023275  (1 tests)
  grid 5 (check_ld.py): inst-023381 … inst-023381  (1 tests)
  grid 5 (check_ld.py): inst-023697 … inst-023697  (1 tests)
  grid 5 (check_ld.py): inst-023700 … inst-023700  (1 tests)
  grid 5 (check_ld.py): inst-028153 … inst-028153  (1 tests)
  grid 5 (check_ld.py): inst-028162 … inst-028162  (1 tests)
  grid 5 (check_ld.py): inst-028185 … inst-028185  (1 tests)
  grid 5 (check_ld.py): inst-028187 … inst-028187  (1 tests)
  grid 5 (check_ld.py): inst-028265 … inst-028265  (1 tests)
  grid 5 (check_ld.py): inst-028271 … inst-028271  (1 tests)
  grid 5 (check_ld.py): inst-028539 … inst-028539  (1 tests)
  grid 5 (check_ld.py): inst-028541 … inst-028541  (1 tests)
  grid 5 (check_ld.py): inst-028574 … inst-028574  (1 tests)
  grid 5 (check_ld.py): inst-029119 … inst-029119  (1 tests)
  grid 6 (check_ld.py): inst-015969_v2 … inst-015969_v2  (1 tests)
  grid 6 (check_ld.py): inst-016017_v0 … inst-016017_v0  (1 tests)
  grid 6 (check_ld.py): inst-016085_v2 … inst-016085_v2  (1 tests)
  grid 6 (check_ld.py): inst-016128_v1 … inst-016128_v1  (1 tests)
  grid 6 (check_ld.py): inst-016267_v0 … inst-016267_v0  (1 tests)
  grid 6 (check_ld.py): inst-016670_v3 … inst-016670_v3  (1 tests)
  grid 6 (check_ld.py): inst-016720_v0 … inst-016720_v0  (1 tests)
  grid 6 (check_ld.py): inst-016742_v1 … inst-016742_v1  (1 tests)
  grid 6 (check_ld.py): inst-016811 … inst-016811  (1 tests)
  grid 6 (check_ld.py): inst-016833_v1 … inst-016833_v1  (1 tests)
  grid 6 (check_ld.py): inst-016857_v1 … inst-016857_v1  (1 tests)
  grid 6 (check_ld.py): inst-017246_v1 … inst-017246_v1  (1 tests)
  grid 6 (check_ld.py): inst-017340 … inst-017340  (1 tests)
  grid 6 (check_ld.py): inst-017363_v3 … inst-017363_v3  (1 tests)
  grid 6 (check_ld.py): inst-017437_v3 … inst-017437_v3  (1 tests)
  grid 6 (check_ld.py): inst-017561_v1 … inst-017561_v1  (1 tests)
  grid 6 (check_ld.py): inst-017578_v3 … inst-017578_v3  (1 tests)
  grid 6 (check_ld.py): inst-017586_v1 … inst-017586_v1  (1 tests)
  grid 6 (check_ld.py): inst-017639_v0 … inst-017639_v0  (1 tests)
  grid 6 (check_ld.py): inst-017651_v3 … inst-017651_v3  (1 tests)
  grid 6 (check_ld.py): inst-017673_v1 … inst-017673_v1  (1 tests)
  grid 6 (check_ld.py): inst-017681_v1 … inst-017681_v1  (1 tests)
  grid 6 (check_ld.py): inst-017755_v3 … inst-017755_v3  (1 tests)
  grid 6 (check_ld.py): inst-017900_v2 … inst-017900_v2  (1 tests)
  grid 6 (check_ld.py): inst-017948_v0 … inst-017948_v0  (1 tests)
  grid 6 (check_ld.py): inst-018019_v1 … inst-018019_v1  (1 tests)
  grid 6 (check_ld.py): inst-018089_v2 … inst-018089_v2  (1 tests)
  grid 6 (check_ld.py): inst-018316_v0 … inst-018316_v0  (1 tests)
  grid 6 (check_ld.py): inst-018318_v3 … inst-018318_v3  (1 tests)
  grid 6 (check_ld.py): inst-018441_v2 … inst-018441_v2  (1 tests)
  grid 6 (check_ld.py): inst-018522_v0 … inst-018522_v0  (1 tests)
  grid 6 (check_ld.py): inst-018528_v1 … inst-018528_v1  (1 tests)
  grid 6 (check_ld.py): inst-018537_v0 … inst-018537_v0  (1 tests)
  grid 6 (check_ld.py): inst-018590_v1 … inst-018590_v1  (1 tests)
  grid 6 (check_ld.py): inst-018805_v1 … inst-018805_v1  (1 tests)
  grid 6 (check_ld.py): inst-018813_v0 … inst-018813_v0  (1 tests)
  grid 6 (check_ld.py): inst-018820_v2 … inst-018820_v2  (1 tests)
  grid 6 (check_ld.py): inst-018821_v1 … inst-018821_v1  (1 tests)
  grid 6 (check_ld.py): inst-018855_v1 … inst-018855_v1  (1 tests)
  grid 6 (check_ld.py): inst-018890_v3 … inst-018890_v3  (1 tests)
  grid 6 (check_ld.py): inst-022267 … inst-022267  (1 tests)
  grid 6 (check_ld.py): inst-022527 … inst-022527  (1 tests)
  grid 6 (check_ld.py): inst-023258 … inst-023258  (1 tests)
  grid 6 (check_ld.py): inst-023275 … inst-023275  (1 tests)
  grid 6 (check_ld.py): inst-023381 … inst-023381  (1 tests)
  grid 6 (check_ld.py): inst-023697 … inst-023697  (1 tests)
  grid 6 (check_ld.py): inst-023700 … inst-023700  (1 tests)
  grid 6 (check_ld.py): inst-028153 … inst-028153  (1 tests)
  grid 6 (check_ld.py): inst-028162 … inst-028162  (1 tests)
  grid 6 (check_ld.py): inst-028185 … inst-028185  (1 tests)
  grid 6 (check_ld.py): inst-028187 … inst-028187  (1 tests)
  grid 6 (check_ld.py): inst-028265 … inst-028265  (1 tests)
  grid 6 (check_ld.py): inst-028271 … inst-028271  (1 tests)
  grid 6 (check_ld.py): inst-028539 … inst-028539  (1 tests)
  grid 6 (check_ld.py): inst-028541 … inst-028541  (1 tests)
  grid 6 (check_ld.py): inst-028574 … inst-028574  (1 tests)
  grid 6 (check_ld.py): inst-029119 … inst-029119  (1 tests)
  grid 7 (check_ld.py): inst-015969_v2 … inst-015969_v2  (1 tests)
  grid 7 (check_ld.py): inst-016017_v0 … inst-016017_v0  (1 tests)
  grid 7 (check_ld.py): inst-016085_v2 … inst-016085_v2  (1 tests)
  grid 7 (check_ld.py): inst-016128_v1 … inst-016128_v1  (1 tests)
  grid 7 (check_ld.py): inst-016267_v0 … inst-016267_v0  (1 tests)
  grid 7 (check_ld.py): inst-016670_v3 … inst-016670_v3  (1 tests)
  grid 7 (check_ld.py): inst-016720_v0 … inst-016720_v0  (1 tests)
  grid 7 (check_ld.py): inst-016742_v1 … inst-016742_v1  (1 tests)
  grid 7 (check_ld.py): inst-016811 … inst-016811  (1 tests)
  grid 7 (check_ld.py): inst-016833_v1 … inst-016833_v1  (1 tests)
  grid 7 (check_ld.py): inst-016857_v1 … inst-016857_v1  (1 tests)
  grid 7 (check_ld.py): inst-017246_v1 … inst-017246_v1  (1 tests)
  grid 7 (check_ld.py): inst-017340 … inst-017340  (1 tests)
  grid 7 (check_ld.py): inst-017363_v3 … inst-017363_v3  (1 tests)
  grid 7 (check_ld.py): inst-017437_v3 … inst-017437_v3  (1 tests)
  grid 7 (check_ld.py): inst-017561_v1 … inst-017561_v1  (1 tests)
  grid 7 (check_ld.py): inst-017578_v3 … inst-017578_v3  (1 tests)
  grid 7 (check_ld.py): inst-017586_v1 … inst-017586_v1  (1 tests)
  grid 7 (check_ld.py): inst-017639_v0 … inst-017639_v0  (1 tests)
  grid 7 (check_ld.py): inst-017651_v3 … inst-017651_v3  (1 tests)
  grid 7 (check_ld.py): inst-017673_v1 … inst-017673_v1  (1 tests)
  grid 7 (check_ld.py): inst-017681_v1 … inst-017681_v1  (1 tests)
  grid 7 (check_ld.py): inst-017755_v3 … inst-017755_v3  (1 tests)
  grid 7 (check_ld.py): inst-017900_v2 … inst-017900_v2  (1 tests)
  grid 7 (check_ld.py): inst-017948_v0 … inst-017948_v0  (1 tests)
  grid 7 (check_ld.py): inst-018019_v1 … inst-018019_v1  (1 tests)
  grid 7 (check_ld.py): inst-018089_v2 … inst-018089_v2  (1 tests)
  grid 7 (check_ld.py): inst-018316_v0 … inst-018316_v0  (1 tests)
  grid 7 (check_ld.py): inst-018318_v3 … inst-018318_v3  (1 tests)
  grid 7 (check_ld.py): inst-018441_v2 … inst-018441_v2  (1 tests)
  grid 7 (check_ld.py): inst-018522_v0 … inst-018522_v0  (1 tests)
  grid 7 (check_ld.py): inst-018528_v1 … inst-018528_v1  (1 tests)
  grid 7 (check_ld.py): inst-018537_v0 … inst-018537_v0  (1 tests)
  grid 7 (check_ld.py): inst-018590_v1 … inst-018590_v1  (1 tests)
  grid 7 (check_ld.py): inst-018805_v1 … inst-018805_v1  (1 tests)
  grid 7 (check_ld.py): inst-018813_v0 … inst-018813_v0  (1 tests)
  grid 7 (check_ld.py): inst-018820_v2 … inst-018820_v2  (1 tests)
  grid 7 (check_ld.py): inst-018821_v1 … inst-018821_v1  (1 tests)
  grid 7 (check_ld.py): inst-018855_v1 … inst-018855_v1  (1 tests)
  grid 7 (check_ld.py): inst-018890_v3 … inst-018890_v3  (1 tests)
  grid 7 (check_ld.py): inst-022267 … inst-022267  (1 tests)
  grid 7 (check_ld.py): inst-022527 … inst-022527  (1 tests)
  grid 7 (check_ld.py): inst-023258 … inst-023258  (1 tests)
  grid 7 (check_ld.py): inst-023275 … inst-023275  (1 tests)
  grid 7 (check_ld.py): inst-023381 … inst-023381  (1 tests)
  grid 7 (check_ld.py): inst-023697 … inst-023697  (1 tests)
  grid 7 (check_ld.py): inst-023700 … inst-023700  (1 tests)
  grid 7 (check_ld.py): inst-028153 … inst-028153  (1 tests)
  grid 7 (check_ld.py): inst-028162 … inst-028162  (1 tests)
  grid 7 (check_ld.py): inst-028185 … inst-028185  (1 tests)
  grid 7 (check_ld.py): inst-028187 … inst-028187  (1 tests)
  grid 7 (check_ld.py): inst-028265 … inst-028265  (1 tests)
  grid 7 (check_ld.py): inst-028271 … inst-028271  (1 tests)
  grid 7 (check_ld.py): inst-028539 … inst-028539  (1 tests)
  grid 7 (check_ld.py): inst-028541 … inst-028541  (1 tests)
  grid 7 (check_ld.py): inst-028574 … inst-028574  (1 tests)
  grid 7 (check_ld.py): inst-029119 … inst-029119  (1 tests)
  grid 8 (check_ld.py): inst-015969_v2 … inst-015969_v2  (1 tests)
  grid 8 (check_ld.py): inst-016017_v0 … inst-016017_v0  (1 tests)
  grid 8 (check_ld.py): inst-016085_v2 … inst-016085_v2  (1 tests)
  grid 8 (check_ld.py): inst-016128_v1 … inst-016128_v1  (1 tests)
  grid 8 (check_ld.py): inst-016267_v0 … inst-016267_v0  (1 tests)
  grid 8 (check_ld.py): inst-016670_v3 … inst-016670_v3  (1 tests)
  grid 8 (check_ld.py): inst-016720_v0 … inst-016720_v0  (1 tests)
  grid 8 (check_ld.py): inst-016742_v1 … inst-016742_v1  (1 tests)
  grid 8 (check_ld.py): inst-016811 … inst-016811  (1 tests)
  grid 8 (check_ld.py): inst-016833_v1 … inst-016833_v1  (1 tests)
  grid 8 (check_ld.py): inst-016857_v1 … inst-016857_v1  (1 tests)
  grid 8 (check_ld.py): inst-017246_v1 … inst-017246_v1  (1 tests)
  grid 8 (check_ld.py): inst-017340 … inst-017340  (1 tests)
  grid 8 (check_ld.py): inst-017363_v3 … inst-017363_v3  (1 tests)
  grid 8 (check_ld.py): inst-017437_v3 … inst-017437_v3  (1 tests)
  grid 8 (check_ld.py): inst-017561_v1 … inst-017561_v1  (1 tests)
  grid 8 (check_ld.py): inst-017578_v3 … inst-017578_v3  (1 tests)
  grid 8 (check_ld.py): inst-017586_v1 … inst-017586_v1  (1 tests)
  grid 8 (check_ld.py): inst-017639_v0 … inst-017639_v0  (1 tests)
  grid 8 (check_ld.py): inst-017651_v3 … inst-017651_v3  (1 tests)
  grid 8 (check_ld.py): inst-017673_v1 … inst-017673_v1  (1 tests)
  grid 8 (check_ld.py): inst-017681_v1 … inst-017681_v1  (1 tests)
  grid 8 (check_ld.py): inst-017755_v3 … inst-017755_v3  (1 tests)
  grid 8 (check_ld.py): inst-017900_v2 … inst-017900_v2  (1 tests)
  grid 8 (check_ld.py): inst-017948_v0 … inst-017948_v0  (1 tests)
  grid 8 (check_ld.py): inst-018019_v1 … inst-018019_v1  (1 tests)
  grid 8 (check_ld.py): inst-018089_v2 … inst-018089_v2  (1 tests)
  grid 8 (check_ld.py): inst-018316_v0 … inst-018316_v0  (1 tests)
  grid 8 (check_ld.py): inst-018318_v3 … inst-018318_v3  (1 tests)
  grid 8 (check_ld.py): inst-018441_v2 … inst-018441_v2  (1 tests)
  grid 8 (check_ld.py): inst-018522_v0 … inst-018522_v0  (1 tests)
  grid 8 (check_ld.py): inst-018528_v1 … inst-018528_v1  (1 tests)
  grid 8 (check_ld.py): inst-018537_v0 … inst-018537_v0  (1 tests)
  grid 8 (check_ld.py): inst-018590_v1 … inst-018590_v1  (1 tests)
  grid 8 (check_ld.py): inst-018805_v1 … inst-018805_v1  (1 tests)
  grid 8 (check_ld.py): inst-018813_v0 … inst-018813_v0  (1 tests)
  grid 8 (check_ld.py): inst-018820_v2 … inst-018820_v2  (1 tests)
  grid 8 (check_ld.py): inst-018821_v1 … inst-018821_v1  (1 tests)
  grid 8 (check_ld.py): inst-018855_v1 … inst-018855_v1  (1 tests)
  grid 8 (check_ld.py): inst-018890_v3 … inst-018890_v3  (1 tests)
  grid 8 (check_ld.py): inst-022267 … inst-022267  (1 tests)
  grid 8 (check_ld.py): inst-022527 … inst-022527  (1 tests)
  grid 8 (check_ld.py): inst-023258 … inst-023258  (1 tests)
  grid 8 (check_ld.py): inst-023275 … inst-023275  (1 tests)
  grid 8 (check_ld.py): inst-023381 … inst-023381  (1 tests)
  grid 8 (check_ld.py): inst-023697 … inst-023697  (1 tests)
  grid 8 (check_ld.py): inst-023700 … inst-023700  (1 tests)
  grid 8 (check_ld.py): inst-028153 … inst-028153  (1 tests)
  grid 8 (check_ld.py): inst-028162 … inst-028162  (1 tests)
  grid 8 (check_ld.py): inst-028185 … inst-028185  (1 tests)
  grid 8 (check_ld.py): inst-028187 … inst-028187  (1 tests)
  grid 8 (check_ld.py): inst-028265 … inst-028265  (1 tests)
  grid 8 (check_ld.py): inst-028271 … inst-028271  (1 tests)
  grid 8 (check_ld.py): inst-028539 … inst-028539  (1 tests)
  grid 8 (check_ld.py): inst-028541 … inst-028541  (1 tests)
  grid 8 (check_ld.py): inst-028574 … inst-028574  (1 tests)
  grid 8 (check_ld.py): inst-029119 … inst-029119  (1 tests)
             Hits copied    → /tests/simspect/results/_verify_ld_taken/mispredict_taken/hits/  (1270 files)

[gem5:sweep] Done — 1270 hits / 1270 tests (0 errors)  across 2682 variant runs
             Results  → /tests/simspect/results/_verify_ld_taken/mispredict_taken/window-results.json
             Sweep    → /tests/simspect/results/_verify_ld_taken/mispredict_taken/sweep/<stem>_sweep.json
